Source,Target,value,nb_transactions
Hashnest.com,MaiCoin.com,2964893363,4
CoinTrader.net_LocalBitcoins.com,4331748,1099990000,1
73846409,Bter.com,11670000,1
Cex.io,73179417,5863668,1
ePay.info_CoinJoinMess,417,806984057458,12
1956,143306,1031937487,1
2445467,CoinTrader.net_LocalBitcoins.com,22206647,1
SimpleCoin.cz,Bittrex.com,241545527,2
1285711,CloudBet.com,27079483812,2
72104556,1233363,349588353,1
71345216,69617573,92614623,1
HolyTransaction.com,0,700000,1
5348,BtcTrade.com,342371423,4
69826484,860,25900000,1
107,71712065,22492210994,5
73963652,69931790,74211538,1
72366185,72498649,13911271,1
70482207,25250970,28480000,1
879,536,53510,1
2468655,CoinTrader.net_LocalBitcoins.com,534289499,1
597,73649799,531456825,1
612629,NitrogenSports.eu,557561650,2
BitPay.com,Kraken.com,50032695000,2
1956,33351,1348508201,2
Huobi.com,424,46194935572,8
AgoraMarket,BitPay.com,1544590179,3
6355,57,1522081561,1
Bitstamp.net,73047555,21849135430,1
13793,144727,141746564,2
73179417,1095,7505903,1
Coin.mx,70325050,9000008,1
CoinTrader.net_LocalBitcoins.com,74015866,715045945,1
6166631,405610,44883848,1
SlushPool.com,417,2838595925,1
CoinTrader.net_LocalBitcoins.com,265,17716487572,24
11494,16756080,71531746,1
1646469,PrimeDice.com,2270000,7
Bittrex.com,3009,305558468,3
16425460,0,86979060,1
Bitfinex.com,Purse.io,99990000,1
73202641,BTC-e.com,2616989055,1
ePay.info_CoinJoinMess,1174704,437400410,1
Cex.io,763,1747700828,15
35045,73910968,2380990000,1
1309,11332,3608120975,2
ePay.info_CoinJoinMess,1576,282767271,1
Poloniex.com,1647,1660419283,3
269,1956,5171905,1
ePay.info_CoinJoinMess,197576,2054142163,2
FaucetBOX.com,763,8542704,1
230001,Peerbet.org,375928846,5
Cex.io,6294,40321729,2
BitPay.com,1098103,3794483843,1
ePay.info_CoinJoinMess,411,462226462,1
BitVC.com,Bitfinex.com,407310480,1
PrimeDice.com,999Dice.com,96306693,4
20673,BitPay.com,135113591,2
BitcoinVideoCasino.com,CoinTrader.net_LocalBitcoins.com,94355704,2
0,CoinPayments.net,54072749,2
ePay.info_CoinJoinMess,Cryptopay.me,3533280337,13
70638973,71032462,9310605,1
72078429,73179108,62783198,1
BtcTrade.com,BTCC.com,93311356,1
1956,Cryptsy.com,25199963900,33
400308,BitPay.com,944022348,2
ePay.info_CoinJoinMess,WatchMyBit.com,89900640,3
954,Btc38.com,102399970000,3
PrimeDice.com,Cryptsy.com,3000000,1
1833,Hashnest.com,1460137,1
6801,Bitfinex.com,33001001951,1
NitrogenSports.eu,57,18000000,1
763,CoinTrader.net_LocalBitcoins.com,31314689,1
1956,61394841,1031937487,1
BtcTrade.com,424,7900720,1
3048834,999Dice.com,80687,2
ePay.info_CoinJoinMess,43366,73148186266,1
Bittrex.com,NitrogenSports.eu,600000000,1
342,BTCJam.com,534590000,1
ePay.info_CoinJoinMess,3073,804630048926,11
40976172,Xapo.com,14750000,1
CoinPayments.net,42724294,37415821,2
69983151,73205118,49935000,1
BitcoinVietnam.com.vn,536,1052441,1
Bitstamp.net,Paymium.com,55175264243,5
SlushPool.com,70270953,2674816522,1
72550356,BTC-e.com,50538162,1
1956,Cryptopay.me,1031937487,1
0,421,36229695,9
Bitfinex.com,0,1214160014,1
7216489,424,59484750000,6
FaucetBOX.com,695079,67175201,5
BitZino.com,57,52490000,1
4758,BTC-e.com,18267314,4
Cryptsy.com,2237,616885401,1
Bitfinex.com,PrimeDice.com,5070357805,2
Paymium.com,AgoraMarket,67453921572,10
796.com,7216489,35618730848,16
Cex.io,Bitstamp.net,881243142,2
157228,Cryptsy.com,86764338380,4
BX.in.th,0,73613288,1
CoinTrader.net_LocalBitcoins.com,826601,5262734078,2
71450786,BitPay.com,17998024,1
74330515,57,25289259169,1
71163236,62062944,36425878,1
1956,57,2063874974,2
FaucetBOX.com,Comkort.com,8381950,1
ePay.info_CoinJoinMess,ChangeTip.com,1643186228,4
999Dice.com,523,4192568,1
1514897,BTC-e.com,64148559,2
Cex.io,1144,9990000,1
37466229,Igot.com,57735633,5
469,FortuneJack.com,68504855,1
1833,Bitcoin.de,31990000,1
CoinTrader.net_LocalBitcoins.com,73832817,2499990000,1
FaucetBOX.com,Cex.io,502294871,39
517041,SatoshiMines.com,3593809,1
Bitstamp.net,4931,2102816706,1
CoinTrader.net_LocalBitcoins.com,CoinGaming.io,5449253605,13
72839297,OKCoin.com,178464240,1
6294,ePay.info_CoinJoinMess,726142693,4
20047,898,503062636,2
EmpoEX.com,C-Cex.com,4329925,1
LuckyB.it,9796635,30123634,50
23052521,0,108971901,1
6294,Poloniex.com,138448686,1
BitBargain.co.uk,73361510,266125000,1
1509159,15279166,78091041,1
294,289,3103007524,3
C-Cex.com,1144,12412877,2
Bittrex.com,AgoraMarket,9990000,1
ePay.info_CoinJoinMess,2024,327575059,1
777Coin.com,276290,6490892,1
CoinTrader.net_LocalBitcoins.com,1370,397630430,1
Poloniex.com,269,509694009,4
1328107,ePay.info_CoinJoinMess,339990000,1
Cryptsy.com,Btc38.com,1005051512,2
417,31898,799980000,1
5997192,BitPay.com,299990000,1
OkLink.com,3980,306132377,3
72996105,ePay.info_CoinJoinMess,2690590000,1
523,BitBay.net,799990000,1
ePay.info_CoinJoinMess,73672735,475374306,1
72262922,73388181,47828028,1
CoinTrader.net_LocalBitcoins.com,73258302,4866238000,1
ePay.info_CoinJoinMess,29392,756170494,2
Bitstamp.net,11195085,5000190000,1
Cryptsy.com,999Dice.com,8610549,2
6355,9244996,1522081561,1
255398,72943049,82523956,1
BTCGuild.com,0,12523262505,5
AgoraMarket,44609,4652491345,10
69200073,BTC-e.com,12400752,1
ePay.info_CoinJoinMess,OKCoin.com,43011567731047,591
FaucetBOX.com,PrimeDice.com,8542704,1
MaiCoin.com,BitPay.com,999980000,1
Poloniex.com,0,2333484165,11
NitrogenSports.eu,612629,268033823,2
72706867,72577151,2351651,1
3009,269,5968379,2
BTCJam.com,MeXBT.com,144959205,1
Poloniex.com,C-Cex.com,7693222976,10
69932507,BitPay.com,8190990,2
AgoraMarket,84134,568720810,1
1576,MercadoBitcoin.com.br,1101855302,2
73388652,Cryptopay.me,238715747,1
ePay.info_CoinJoinMess,1370,931005376,2
1226,4050,96420569,1
1833,1294,4840137,1
3980,424,199980000,2
72078429,73856970,119650000,1
ePay.info_CoinJoinMess,796.com,73148186266,1
FaucetBOX.com,Coinomat.com,8542704,1
Bittrex.com,Cex.io,50201526,2
Bter.com,1323,999990000,1
ePay.info_CoinJoinMess,Hashnest.com,220238103684,5
4251,2648,199980000,1
AgoraMarket,Cex.io,532981574,1
0,BitPay.com,72067914,6
CoinTrader.net_LocalBitcoins.com,71973251,439990000,1
Kraken.com,57,2942840689,2
SlushPool.com,525,14187408833,5
192858,BTC-e.com,667910692,1
1956,421,1584237888,2
6355,Cryptsy.com,15220815610,10
51306882,71972822,57467800,1
CoinTrader.net_LocalBitcoins.com,5145429,1099294299,2
BTCJam.com,SatoshiBet.com,2490264,1
PrimeDice.com,2496802,1470719,1
FaucetBOX.com,ePay.info_CoinJoinMess,369647507,28
6801,AgoraMarket,29245139,1
16425460,74304487,27976468,1
CoinPayments.net,Bittrex.com,1980821,1
ePay.info_CoinJoinMess,70429793,214052223,1
47133752,BTC-e.com,9732953,1
ePay.info_CoinJoinMess,FaucetBOX.com,672854453,2
BabylonMarket,ePay.info_CoinJoinMess,43150000,1
BitcoinVideoCasino.com,SatoshiBet.com,38660000,1
CoinTrader.net_LocalBitcoins.com,BTC-e.com,2680022043,5
Cex.io,CoinTrader.net_LocalBitcoins.com,65787998,2
SlushPool.com,Luno.com,13360646592,5
74277341,294,26616036,1
13951749,BTC-e.com,351863500,1
FaucetBOX.com,348,53142717,3
20548429,71842162,93890000,1
73649045,2652,26483706,1
BitBargain.co.uk,70586775,99600000,1
1956,Bittrex.com,9578090643,13
2275995,CoinGaming.io,12127499,3
CoinJar.com,29141,1148181312,1
CoinGaming.io,57,81181423,1
Cavirtex.com,AgoraMarket,276943218,2
Cex.io,1155021,1000000,1
ePay.info_CoinJoinMess,4411380,73148186266,1
ePay.info_CoinJoinMess,70796631,3764194718,2
57,107,135102079,2
2545,1647,44450000,2
BitAces.me,CoinTrader.net_LocalBitcoins.com,180146591,5
3048881,FaucetBOX.com,10948713,1
751407,1493,104164640,2
69984656,73858724,68168719,1
ePay.info_CoinJoinMess,31761,219444558798,3
342,Bittrex.com,99990000,1
ePay.info_CoinJoinMess,860,923846629,3
73096754,Bter.com,3028195,1
Cryptsy.com,Bleutrade.com,50944543,2
2338,CoinTrader.net_LocalBitcoins.com,99939000,1
Cex.io,Btc38.com,595080000,1
BtcTrade.com,Cex.io,103241967,2
73623403,2445947,38571179,1
37466229,Cryptsy.com,165260054,20
37466229,107,12218859,3
NitrogenSports.eu,BitAces.me,357550151,5
Dispenser.tf,154765,45266099,1
1294,11332,22855893922,7
1328107,2409885,86466000,2
20488,Cryptsy.com,172000000,1
1285711,0,73656399166,11
BTCJam.com,CoinTrader.net_LocalBitcoins.com,29263714,2
AgoraMarket,71398079,470976070,1
Coin.mx,Xapo.com,1180311,1
CoinCafe.com,860,166862529,1
763,Cex.io,11598089,1
Bitstamp.net,71136349,22118127251,2
871,71869225,8004699,2
Huobi.com,BTCC.com,10243140903,3
ePay.info_CoinJoinMess,CoinSpot.com.au,761189935,3
FaucetBOX.com,BitcoinWallet.com,8381950,1
0,BitcoinVideoCasino.com,290780,1
71057953,69827713,361480000,1
69801586,16621,414717432,1
BitPay.com,CoinTrader.net_LocalBitcoins.com,439771700,3
FaucetBOX.com,Igot.com,254497439,17
2844,Bittrex.com,499890000,1
73649821,69434689,16788254,1
71319609,Poloniex.com,2525791,1
BtcTrade.com,BitVC.com,894147848,5
Bittrex.com,Hashnest.com,789296771,11
1956,OKCoin.com,2616175375,3
517041,0,5901442,3
175,3348,149980000,1
1580,999Dice.com,26236000,1
255398,CoinTrader.net_LocalBitcoins.com,649198956,1
13097303,BitPay.com,83029239,2
69147680,Betcoin.ag,22790000,1
BTCJam.com,Loanbase.com,314485498,3
71554277,860,299988000,1
BitAces.me,AgoraMarket,18405131,1
72653287,ePay.info_CoinJoinMess,34161973,1
ePay.info_CoinJoinMess,3731332,42766838,4
2293476,1580,148738651,1
Igot.com,Xapo.com,30000,1
CoinTrader.net_LocalBitcoins.com,Coinroll.com,402430525,1
0,FaucetBOX.com,5250820,2
898,MiddleEarthMarketplace,99990000,1
CoinGaming.io,10231195,6208000,1
69146386,69880033,11279467,1
EmpoEX.com,Bittrex.com,5368880,1
1285711,4673,40366027624,4
12936,72420065,3664033,1
69880033,860,189290001,1
FaucetBOX.com,Kraken.com,22345219,2
342,Poloniex.com,88330000,1
Kraken.com,5184258,2719959850,2
MiddleEarthMarketplace,ePay.info_CoinJoinMess,62071132,1
763,Bitfinex.com,32803752,1
AnoniBet.com,Poloniex.com,135952607,1
Kraken.com,Purse.io,354097582,1
FaucetBOX.com,Bitfinex.com,36352088,2
FaucetBOX.com,29392,19589724,1
BTC-e.com,763,4494240388,2
Huobi.com,2545,650937624,1
SlushPool.com,4050,5176283223,2
21414445,PrimeDice.com,21065615,1
72367361,71554840,46259953,1
70560046,69984672,9630137,1
PocketDice.io,0,3990000,1
33837,70245875,321990000,1
Cryptsy.com,668819,1649988220,1
Bittrex.com,1309,75984938,1
6166631,2227706,18241436,1
523,Bitcurex.com,118057411,1
SlushPool.com,73048424,5011783684,2
73388652,72236394,178531103,1
999Dice.com,66254,7046585,1
HolyTransaction.com,Bleutrade.com,1005564,1
5481367,BTC-e.com,53771645,1
536,PrimeDice.com,2181429,2
469,2067710,251864352,1
70744026,NitrogenSports.eu,34938000,1
72603436,LuckyB.it,2037000,1
3009,1956,2739058,1
CoinKite.com,36654099,14419459,1
FaucetBOX.com,71921521,58697307,4
Huobi.com,Bitfinex.com,69489476695,5
Bittrex.com,CoinTrader.net_LocalBitcoins.com,274887219,3
Bitstamp.net,BTC-e.com,282445345936,15
Purse.io,AgoraMarket,92431125,1
999Dice.com,C-Cex.com,69319642,3
CoinKite.com,5137,31518867,1
72104556,1443066,355270662,1
Bittrex.com,Bitfinex.com,1193321270,7
Bitstamp.net,0,746091924340,3
BitPay.com,494525,585105600,1
0,BTCJam.com,98582013,6
2226,Huobi.com,366599910000,9
342,CoinTrader.net_LocalBitcoins.com,299980000,2
CoinKite.com,Crypto-Games.net,10000,1
70586705,9767926,399296034,1
ePay.info_CoinJoinMess,7184,550727966,2
1252,OKCoin.com,405010000,1
BTCJam.com,Kraken.com,2070082,1
ePay.info_CoinJoinMess,199717,282767271,1
0,ePay.info_CoinJoinMess,45786618,17
1149,1144,2082791,2
69251458,0,1341536247,1
37466229,763,26415240,6
74120634,1144,33200,1
72498623,73963652,40836988,1
BTC-e.com,72078429,10240198776,3
CoinTrader.net_LocalBitcoins.com,26701074,16701311,1
859581,PrimeDice.com,3260000,1
Bitstamp.net,Cryptsy.com,19049097567,5
1928087,73832807,11172606,1
BitYes.com,BTC-e.com,14918496345,2
70586705,69173419,499990000,1
Vircurex.com,Cryptsy.com,565844638,2
FaucetBOX.com,227,95309165,8
40753262,17566139,237719314,1
269,35,1492563,1
2226,OKCoin.com,101695161299,10
C-Cex.com,Loanbase.com,56419288,2
Exchanging.ir,69539900,89990000,1
CoinTrader.net_LocalBitcoins.com,73753882,146014713,1
ePay.info_CoinJoinMess,2545,2487966631674,37
72102457,289,284433162,1
103564,1294,6292642342,1
999Dice.com,SatoshiBet.com,36970,1
ePay.info_CoinJoinMess,73622516,151015983,1
1200666,BitZillions.com,2288000,1
157228,Xapo.com,28299960000,1
523,BitBargain.co.uk,101100526,1
37466229,11790,6986211,1
AgoraMarket,CoinTrader.net_LocalBitcoins.com,19512768938,40
3792617,5325883,3101630000,2
70403439,999Dice.com,370540000,9
72104556,405610,282168443,1
71502261,71239922,143888082,1
SatoshiMines.com,Poloniex.com,11631886,4
FaucetBOX.com,3048881,16762364,1
10172196,73074362,145526542,2
3792617,0,101684334,1
1956,73519155,1031937487,1
NitrogenSports.eu,Coinroll.com,6001322,1
10467121,0,13622982,1
342,ePay.info_CoinJoinMess,999390000,2
SlushPool.com,ePay.info_CoinJoinMess,16196817189,6
72315466,2652,3487208,1
SlushPool.com,Cex.io,31402958708,12
1956,40231,1829983164,3
524180,BTC-e.com,387302591,1
LuckyB.it,230001,3189050775,251
37466229,4050,36431844,5
AgoraMarket,BTCJam.com,529757059,1
16425460,71816604,13358687,1
HaoBTC.com,424,757354577,1
21361595,Purse.io,388480291,1
Huobi.com,40523176,692024274,2
517041,Xapo.com,1674203,1
BTCJam.com,Xapo.com,1052607,1
72576984,70141174,43342766,1
69670973,71319667,28321529,1
342,AgoraMarket,2364117574,6
72104556,BTC-e.com,339562555,1
7779201,70979540,154270000,1
10172196,15605691,16959924,1
13335,Bter.com,599990000,1
Cex.io,1956,146069476,7
289,6294,56834842,1
11706884,0,10477000,2
999Dice.com,70403439,120021431,3
37686970,CoinTrader.net_LocalBitcoins.com,51324152,1
4273,BTCC.com,10640234,1
69251458,BTC-e.com,3001053666,1
Bitfinex.com,NitrogenSports.eu,2781560288,4
CoinTrader.net_LocalBitcoins.com,294,1977450871,3
107,ChangeTip.com,72819581,1
396,Coinichiwa.com,432200800,1
AgoraMarket,BitcoinFog,25729802301,47
ePay.info_CoinJoinMess,69618365,425443850,1
BTC-e.com,Huobi.com,6119969115,1
Bitstamp.net,71160264,2983684293,1
342,OKCoin.com,999990000,1
ePay.info_CoinJoinMess,2218,879501349,3
6801,CoinArch.com,230000000,1
342,CloudBet.com,152996809,2
74330515,Bitfinex.com,23203903269,1
ePay.info_CoinJoinMess,1941,12862400955,34
71894951,70011036,90381302,1
C-Cex.com,Bter.com,95463752,2
BitVC.com,Huobi.com,75705797524,32
BitVC.com,ChBtc.com,167677400,1
Bittrex.com,Bleutrade.com,4696779418,17
PocketDice.io,BitcoinVietnam.com.vn,790000,1
536,ePay.info_CoinJoinMess,6029386,1
ePay.info_CoinJoinMess,66686,211466145,1
Cex.io,MercadoBitcoin.com.br,3084275,1
ChBtc.com,22977,35703195909,3
37466229,Cex.io,151372849,19
SlushPool.com,67771244,2999950000,1
ePay.info_CoinJoinMess,Rollin.io,333059761,1
MercadoBitcoin.com.br,CoinTrader.net_LocalBitcoins.com,5268589073,2
ePay.info_CoinJoinMess,1040721,270317019,1
Bitstamp.net,860,102039500344,1
72157021,15271467,99990000,1
ePay.info_CoinJoinMess,44132,73148186266,1
1647,103564,22192416860,7
BitcoinVideoCasino.com,70115593,15490000,1
PrimeDice.com,1294,71837408,8
7216489,73728551,11157200000,1
LuckyB.it,4673,9060000,4
C-Cex.com,Bittrex.com,186279128,7
ePay.info_CoinJoinMess,BitBay.net,987191778,2
2918032,CloudBet.com,105277232,3
Cryptonator.com,Poloniex.com,1392228,1
ePay.info_CoinJoinMess,70377738,394436940,1
64475407,QuadrigaCX.com,269067167,1
898,ePay.info_CoinJoinMess,1074735751,2
72104556,0,1579899063,5
ePay.info_CoinJoinMess,16621,5130628305,15
C-Cex.com,Bleutrade.com,2417707,1
Huobi.com,ePay.info_CoinJoinMess,9289038668,30
1285711,AnoniBet.com,24198566312,3
103564,BitVC.com,4921747104,2
70193855,BitPay.com,12425773,1
Bitfinex.com,175,2999990000,1
37466229,NitrogenSports.eu,146035576,19
523,999Dice.com,3133116,1
763,Cryptsy.com,681533003,2
71685358,BitPay.com,60454482,2
74042192,BitPay.com,40711300,1
Rollin.io,Xapo.com,1737226,1
SlushPool.com,21646128,10525196131,4
BTC-e.com,Bitfinex.com,63192579,1
SlushPool.com,Bittrex.com,2510316983,1
70115478,72367361,200489004,1
109619,Cryptsy.com,2178173,1
BitBargain.co.uk,Cryptsy.com,416070390,1
Poloniex.com,AllCoin.com,357289394,2
72078429,69644696,73427843,2
31317920,ePay.info_CoinJoinMess,5108333,1
37595,777Coin.com,119334482,2
6294,1294,361001521,2
Bleutrade.com,C-Cex.com,11649952,1
1956,144847,1031937487,1
157228,Cex.io,43382169190,2
Bitcoin.de,BitcoinFog,11536862842,3
Cex.io,Poloniex.com,103047484,3
Poloniex.com,999Dice.com,28595190,2
1370,ePay.info_CoinJoinMess,1220489,1
73336527,73937528,891240620,1
FaucetBOX.com,342,17085408,2
157228,57,15082209190,1
1956,Poloniex.com,1584237888,2
ePay.info_CoinJoinMess,7089026,123233013,1
69932193,0,41632186,1
334316,15278773,72180000,1
1285711,ePay.info_CoinJoinMess,12858730106,1
269,0,188208069,6
ePay.info_CoinJoinMess,1294,111240813320,117
396,1144,11997449,1
Cavirtex.com,70403819,799950000,1
HolyTransaction.com,1436,1150010,1
6048,CoinTrader.net_LocalBitcoins.com,13839990000,2
Paymium.com,CoinTrader.net_LocalBitcoins.com,6611280012,1
BX.in.th,Poloniex.com,373792606,3
1370,536,2210560,2
999Dice.com,1144,50415047,10
55244,Huobi.com,1800000,1
AgoraMarket,339430,880487377,2
Kraken.com,BTC-e.com,5128106137,6
954,BTC-e.com,49999900000,1
71110794,74042240,91433770,1
3167,16756080,159336486,1
69225461,CoinTrader.net_LocalBitcoins.com,613187904,1
954,BTCC.com,4699990000,1
23247,Kraken.com,54004928,1
AgoraMarket,BtcMarkets.net,493871987,1
157228,2063784,28299960000,1
4810,BTC-e.com,1469752200,7
103564,OKCoin.com,2325801586,2
73962910,Luno.com,21128651,1
HolyTransaction.com,Poloniex.com,21000010,1
Bitstamp.net,Poloniex.com,140963959645,2
342,71685903,100991890,1
1956,19381,1031937487,1
71318983,60658,314899986,1
35,C-Cex.com,10756033,1
57,BTCC.com,20211744,1
348,860,125700000,1
859581,641,10172400,2
73178252,294,4973000,1
FaucetBOX.com,70717806,30725633,2
1528188,LuckyB.it,52383000,21
PrimeDice.com,1309,1102519,1
BitBargain.co.uk,BTCJam.com,296985000,1
Cryptsy.com,1116,2346616,1
Hashnest.com,ePay.info_CoinJoinMess,36725188,1
396,BTC-e.com,1664849023,2
FaucetBOX.com,1309,364554391,30
326403,ePay.info_CoinJoinMess,69831774,2
Cex.io,1576,11390384,1
HolyTransaction.com,Igot.com,10000000,1
Cryptsy.com,3009,1103011419,11
523,69435312,3832506897,3
FoxBit.com.br,MercadoBitcoin.com.br,406611981,3
Cex.io,AllCoin.com,274621859,3
70272317,ePay.info_CoinJoinMess,3151070,2
ePay.info_CoinJoinMess,Coins-e.com,812801557,2
ePay.info_CoinJoinMess,32354,2946903,1
821,70219773,5099990000,1
1956,5162,3064209898,5
FaucetBOX.com,2024,8542704,1
73441096,5145429,5263600,1
CoinTrader.net_LocalBitcoins.com,SatoshiDice.com,43649170,1
37466229,Xapo.com,1389008375,200
6166631,0,480917093,2
69382154,BTC-e.com,126079223,1
Peerbet.org,Cex.io,9990000,1
Bittrex.com,ePay.info_CoinJoinMess,311512597,7
Bitcoin.de,Cryptsy.com,12285442139,1
Bitfinex.com,821,474032975,2
36795674,BitPay.com,19823967,2
0,Coinomat.com,1784273,1
Cryptsy.com,6355,301035382,1
71502261,71842975,178635562,1
157228,BtcTrade.com,71682129190,3
4397,1309,20276287,1
OKCoin.com,954,271523242583,22
SlushPool.com,10251,5176283223,2
ePay.info_CoinJoinMess,38097914,73148186266,1
197576,73179169,339807418,1
69565675,BitPay.com,12634700,1
6911159,PrimeDice.com,102970000,1
MercadoBitcoin.com.br,9207,4650373985,2
69617757,999Dice.com,21902610,2
71894191,8343,29691113,1
SatoshiDice.com,CoinTrader.net_LocalBitcoins.com,24222852,1
72367939,70429689,45253004,1
ePay.info_CoinJoinMess,71999749,499990000,1
70166642,860,48654168,1
72078429,73780807,39810000,1
276290,777Coin.com,5077644,1
69486964,ePay.info_CoinJoinMess,339684656,1
56353767,57,481724732,1
396,ePay.info_CoinJoinMess,321118410,1
C-Cex.com,1155021,3980000,1
17272,BTC-e.com,3579900000,1
71554277,71999760,451377408,2
SatoshiCircle.com,ePay.info_CoinJoinMess,1955193,1
0,Bittrex.com,1391406,2
396,SatoshiMines.com,160941293,3
74330515,MercadoBitcoin.com.br,49518596438,2
ePay.info_CoinJoinMess,6257363,73148186266,1
Cryptsy.com,PrimeDice.com,395988168,1
0,1323,465022,1
71790244,71032462,45361000,1
CoinTrader.net_LocalBitcoins.com,8343,429950641,2
1580,33971,99990000,1
0,1095,4090808,1
CoinKite.com,69826003,2287542739,2
CoinJar.com,Cryptsy.com,455780762,1
ePay.info_CoinJoinMess,175,447556149,2
BitcoinVideoCasino.com,72129925,6270942,1
72603304,72917040,63752000,1
Bittrex.com,Huobi.com,3707981,1
Huobi.com,796.com,10529997633,9
69906437,73047350,303790000,1
ePay.info_CoinJoinMess,CoinChimp.com,719837920,3
CoinTrader.net_LocalBitcoins.com,C-Cex.com,203840955,1
73073877,74198912,110538134,1
23052521,BTC-e.com,159088962,1
63778,NitrogenSports.eu,55031800,1
BitPay.com,2179507,200001000003,2
1956,411,552300401,1
ePay.info_CoinJoinMess,AllCoin.com,1322408042,4
SlushPool.com,BTCJam.com,2674816522,1
72078079,ePay.info_CoinJoinMess,152594653,2
16425460,69121518,194904179,1
4395,4050,2740996266,3
69329889,999Dice.com,82548,1
73388700,2624,34854500,1
73202641,Bitfinex.com,4122565171,2
763,11619,5950003,1
Kraken.com,Bitfinex.com,13401926636,3
74330515,Poloniex.com,94138647807,6
999Dice.com,Cex.io,1154114,2
ePay.info_CoinJoinMess,4673,282767271,1
4251,0,1299220000,1
175,CoinGaming.io,26067000,1
FaucetBOX.com,417,13963269,1
BTCJam.com,Bitfinex.com,271513907,6
ePay.info_CoinJoinMess,ChBtc.com,658333676394,9
PrimeDice.com,FortuneJack.com,14479954,1
BTCJam.com,CoinGaming.io,15950000,1
74330515,AllCoin.com,2695045000,1
SlushPool.com,Bitcoin.de,19537041877,7
69251442,999Dice.com,150994,1
10172196,70769141,43432835,1
517041,PrimeDice.com,1975629,1
CoinSpot.com.au,AgoraMarket,9990000,1
ePay.info_CoinJoinMess,CoinPayments.net,16139789,2
72104556,6166631,709819897,2
1956,CoinKite.com,2616175375,3
Bittrex.com,1956,613815502,9
57,CleverCoin.com,2136376,1
CoinJar.com,Bitstamp.net,3083104113,1
CoinTrader.net_LocalBitcoins.com,4397,489014051,1
69382154,73466833,51581402,1
26443,0,39213800,1
PrimeDice.com,1646469,1190538,1
971734,0,58604000,1
CoinKite.com,57,887581448,1
FaucetBOX.com,71947473,13963269,1
49541989,BTC-e.com,172870000,1
Bitstamp.net,BitPay.com,293949255559,2
73832817,69565876,12629964,1
16425460,71449809,7268430,1
Bitstamp.net,OKCoin.com,182642124585,4
255059,123270,12069980000,1
ePay.info_CoinJoinMess,70192666,25249774,1
Huobi.com,11619,26180000,1
Bitstamp.net,73466840,10435212181,2
74330515,BTCC.com,23203903269,1
Exchanging.ir,74173688,135242948,2
Cryptsy.com,8360,2310377,1
ePay.info_CoinJoinMess,Matbea.com,1204643038,3
1493,72629340,95360000,1
69173741,C-Cex.com,330650000,1
ePay.info_CoinJoinMess,Bitcoin.de,370155253287,19
AgoraMarket,CoinChimp.com,660153216,2
469,763,268462352,1
Bittrex.com,Xapo.com,196329917,4
Paymium.com,Bitcoin.de,6611280012,1
71293041,921102,11979654,1
AgoraMarket,CoinGaming.io,1014787165,2
ePay.info_CoinJoinMess,73911071,299301920,1
157228,BTCC.com,71682129190,3
72078429,71163266,22812001,1
72104556,52620741,238739083,1
ePay.info_CoinJoinMess,37810,73148186266,1
ePay.info_CoinJoinMess,72420065,391342368,1
Bittrex.com,Cryptsy.com,3997958536,22
Kraken.com,1098,99988650,1
Bitfinex.com,BtcMarkets.net,4240810646,3
763,1155021,14377380,2
ePay.info_CoinJoinMess,68843468,428052880,1
84134,425465,70610000,1
PrimeDice.com,CoinGaming.io,10990000,1
Vircurex.com,ePay.info_CoinJoinMess,539600210,1
ePay.info_CoinJoinMess,73178886,223545096,1
73202641,Kraken.com,2616989055,1
Bitstamp.net,PrimeDice.com,10131343426,2
Bittrex.com,6294,21980000,1
2226,CoinTrader.net_LocalBitcoins.com,100251360000,3
6294,0,36132602,3
70586705,71607509,474380000,1
70796631,CoinTrader.net_LocalBitcoins.com,762912317,1
72498649,73937392,46710239,1
37466229,641,796211,1
Bitstamp.net,9206469,14999990000,1
999Dice.com,Cryptonator.com,754946,3
5325883,70900220,6552983,1
Bittrex.com,999Dice.com,762024688,5
0,BitVC.com,3045003,1
Bitfinex.com,Cex.io,426764767,3
Bitfinex.com,Huobi.com,109101419631,3
35,0,1387922,1
157228,BTCCPool,28299960000,1
821,Purse.io,7006099169,4
ePay.info_CoinJoinMess,1144,184522793395,110
1070,0,272932443,1
ePay.info_CoinJoinMess,69932412,304136910,1
72262922,71581352,21678872,1
954,Poloniex.com,49999990000,1
ePay.info_CoinJoinMess,PocketDice.io,634029580,2
FaucetBOX.com,AllCoin.com,39268337,3
BitBargain.co.uk,73231720,299980000,1
TheRockTrading.com,BTCJam.com,1158990000,1
FaucetBOX.com,405610,50315357,3
AgoraMarket,Betcoin.ag,217705900,1
ePay.info_CoinJoinMess,4395,951391933658,14
72577001,CoinGaming.io,16272096,1
103564,Cryptsy.com,206030384,1
PrimeDice.com,523,128371152,3
69906437,73308515,52000000,1
71345216,441347,23855859,1
CoinTrader.net_LocalBitcoins.com,NitrogenSports.eu,6812142591,5
5325883,72891572,8463000,1
ePay.info_CoinJoinMess,CoinKite.com,2679156430,7
74225589,1138,23037682,1
289,Poloniex.com,48731652,1
Cryptsy.com,1956,606315055,10
1493,751407,11624842,1
Huobi.com,BtcTrade.com,4188027827,2
69226075,289,74962154,1
40948331,72943916,469231236,1
Bleutrade.com,Igot.com,6775936,1
4395,860,40552600,1
Bitstamp.net,70611844,3407764168,1
ePay.info_CoinJoinMess,MaiCoin.com,220731620996,7
CoinTrader.net_LocalBitcoins.com,Bitfinex.com,119601155,1
27723,BTCJam.com,1899161,1
107,330126,24193904291,1
101,0,1219457,1
71502261,69697047,37482982,1
69906437,BTC-e.com,305023000,1
Bittrex.com,Kraken.com,161450950,4
57,Bitfinex.com,35684218,1
PrimeDice.com,NitrogenSports.eu,9930000,1
0,7787,2725588,1
22883451,71032473,468618683,1
ePay.info_CoinJoinMess,72367415,73148186266,1
BTC-e.com,ePay.info_CoinJoinMess,5123193,1
Bitcoin.de,Hashnest.com,1554638876,2
BitcoinVietnam.com.vn,0,10353434,1
69278079,72786591,66758041,1
Bitstamp.net,ePay.info_CoinJoinMess,289694803345,8
CoinTrader.net_LocalBitcoins.com,BitPay.com,2550902956,6
57,208434,15374516,1
CoinGaming.io,70559982,165706903,3
6166631,1443066,82471509,3
ePay.info_CoinJoinMess,71032248,248100768,1
33971,1323,1421000,1
3321768,BitPay.com,7831465,1
Hashnest.com,421,3522741,1
954,Bitfinex.com,17699950000,1
523,CoinTrader.net_LocalBitcoins.com,951835182,3
PrimeDice.com,763,84284740,12
Hashnest.com,Cryptsy.com,29990000,1
Cryptsy.com,Genesis-Mining.com,35774536,1
4251,523,3284601943,4
8539,523,65160913,1
0,70377072,41296870,1
BitVC.com,Loanbase.com,642834000,1
ePay.info_CoinJoinMess,57,220173509988,5
23010605,0,516501000,4
73544435,BitPay.com,14380000,1
69984251,0,45163118,2
Bittrex.com,BTC-e.com,2759380812,16
Poloniex.com,Xapo.com,7825643106,4
Indacoin.com,26443,117035047,2
72629345,0,14009461,4
1956,2024,552300401,1
72603304,73597674,89710000,1
PrimeDice.com,859581,9990699,1
NitrogenSports.eu,421,2580000,1
3570443,532,999990000,1
2275995,ePay.info_CoinJoinMess,9950000,1
175,AllCoin.com,195312133,3
Bitfinex.com,4810,52352104231,4
71868502,0,81275762,5
ePay.info_CoinJoinMess,337445,73148186266,1
61,1309,12306314,1
3731332,ePay.info_CoinJoinMess,425972,1
Bleutrade.com,ePay.info_CoinJoinMess,8957902,1
1391,Cryptsy.com,1125407,1
FaucetBOX.com,69644132,13963269,1
Poloniex.com,SatoshiMines.com,596453429,3
14378846,BTC-e.com,404321679,2
74330515,1647,27211889269,2
Bittrex.com,289,1102507,1
5026149,Cryptsy.com,49990000,1
LuckyB.it,72603436,2510000,1
ePay.info_CoinJoinMess,33351,146296372532,2
71502261,73728575,42050862,1
157228,CoinJar.com,15082209190,1
Bleutrade.com,Kraken.com,301000142,1
FaucetBOX.com,1233363,50315357,3
Bter.com,Bitfinex.com,5789742962,3
YABTCL.com,421,695591183,1
2179507,Bitfinex.com,199999980000,2
23247,348,112314290,1
243017,4395,358830000,3
56717,Hashnest.com,101605644,1
72603304,69903259,22024052,1
AgoraMarket,70246066,277271825,1
69696572,BTC-e.com,14852840,1
AgoraMarket,Kraken.com,1366416968,3
999Dice.com,Bittrex.com,4247000,1
Huobi.com,417,8519990000,1
ePay.info_CoinJoinMess,Igot.com,3891461057,12
31761,424,114759596,4
1457,62205816,117060000,18
PrimeDice.com,Cex.io,85596422,5
2714530,PrimeDice.com,63803,1
55698043,15278773,59862600,1
ePay.info_CoinJoinMess,71398010,70604051,1
ePay.info_CoinJoinMess,6294,450114585,1
33728444,294,2340248,1
BitcoinWallet.com,532,3941000,1
69461345,1095,3832730,1
71502261,BTC-e.com,12493560,1
FaucetBOX.com,1576,36610322,3
72341601,Cex.io,125208838,1
FortuneJack.com,0,1251317,1
72104556,ePay.info_CoinJoinMess,240868383,1
73284601,0,41413323,1
BTC-e.com,Cryptsy.com,24754817283,2
103564,BTC-e.com,343740624,2
46209,1647,10968859,1
1972,Xapo.com,1094529,1
71999710,CoinTrader.net_LocalBitcoins.com,134290000,1
73962910,Bleutrade.com,14319559,2
CoinGaming.io,74226378,3014259,1
Kraken.com,ePay.info_CoinJoinMess,1093912400,2
1956,7366,15518285180,17
71868890,70193026,16261328,1
69330803,860,59703689,1
39740391,70611619,282342737,1
HolyTransaction.com,Xapo.com,2025921,2
FaucetBOX.com,MercadoBitcoin.com.br,30983867,3
CoinGaming.io,PrimeDice.com,29014000,1
16425460,69932507,345889974,3
BitPay.com,CoinJar.com,143006000,1
61,CoinTrader.net_LocalBitcoins.com,52000499,1
Bittrex.com,6355,301521422,1
4395,OkLink.com,14870000,1
21349,FaucetBOX.com,1406093,1
73388534,265,199990000,1
AgoraMarket,Huobi.com,408635262,1
ePay.info_CoinJoinMess,27502457,9930000,1
ePay.info_CoinJoinMess,73466994,401246696,1
Bittrex.com,PrimeDice.com,121473353,6
FaucetBOX.com,HolyTransaction.com,140453600,12
Poloniex.com,BTC-e.com,6749244511,20
69278079,72183392,124340841,3
45379539,PrimeDice.com,45169434,2
871,2648,153303715,3
73309914,CoinJar.com,9178642,1
Rollin.io,999Dice.com,1743753,1
62205816,1457,886937500,97
6521368,BitZillions.com,5114769,9
243017,1647,99400000,1
ePay.info_CoinJoinMess,150330,1574110068,4
157228,ePay.info_CoinJoinMess,84899880000,3
0,Bter.com,668099194,4
ePay.info_CoinJoinMess,1226,146296372532,2
BX.in.th,Btc38.com,206540949,1
421,396,22756836855,59
ePay.info_CoinJoinMess,5370574,419605608,1
999Dice.com,ePay.info_CoinJoinMess,42534512,5
69511694,BitPay.com,288727200,3
72576446,69409079,9242542,1
LuckyB.it,71319609,3482176,3
73963652,71502263,99862711,1
Coinichiwa.com,NitrogenSports.eu,1517053,1
ePay.info_CoinJoinMess,71319201,324661861,1
1956,BTC-e.com,58528035509,83
Bitstamp.net,Kraken.com,79042753793,7
16425460,22823356,98922234,1
157228,72786581,15082209190,1
QuadrigaCX.com,ePay.info_CoinJoinMess,2074070000,1
0,1155021,5362426,3
C-Cex.com,ePay.info_CoinJoinMess,150689113,2
1956,1309,2136538289,3
Bitfinex.com,Bitcurex.com,3000480332,2
Bittrex.com,763,595833116,7
Poloniex.com,149308,606100005,2
Cryptsy.com,BTCJam.com,9087032,2
FaucetBOX.com,Bleutrade.com,95210149,6
69906437,73231188,109598000,1
ePay.info_CoinJoinMess,Bter.com,9656988633019,137
ePay.info_CoinJoinMess,523,77695523832,5
9207,MercadoBitcoin.com.br,8007877000,2
72157142,71999710,1415284657,2
72497902,72577151,13770164,2
821,175,149990000,1
ePay.info_CoinJoinMess,BitcoinFog,171350000,1
1149,AllCoin.com,42000020,2
6355,BTC-e.com,4566244683,3
3009,CoinJar.com,1392890,1
54813493,BitPay.com,43393620,1
72104556,3048881,350086235,1
1514897,71658131,66523578,1
69984656,74068001,41595366,1
69225864,999Dice.com,37802700,7
CoinTrader.net_LocalBitcoins.com,72445229,98492914,1
BitPay.com,55698043,115627300,1
43510,BTCJam.com,65000000,1
107,AgoraMarket,62960000,1
Bitstamp.net,Bter.com,5752532151,2
ePay.info_CoinJoinMess,BtcTrade.com,8412041420590,115
44468996,1493,184895537,1
5137,CoinKite.com,5533176,1
Bitfinex.com,3348,9936402807,9
Bittrex.com,1155021,6990000,1
Cryptsy.com,NitrogenSports.eu,693219671,2
8360,BTC-e.com,2745726,2
FoxBit.com.br,CoinTrader.net_LocalBitcoins.com,513920834,3
73153093,1747,44732798,1
ePay.info_CoinJoinMess,695079,441299859,1
71163182,2624,27498305,1
Exchanging.ir,PrimeDice.com,25482948,2
Coins-e.com,763,12718045,1
1956,Btc38.com,3484926089,5
898,Bter.com,236006504,1
Hashnest.com,Bitcoin.de,1091790,1
ePay.info_CoinJoinMess,72236384,215312781,1
CoinTrader.net_LocalBitcoins.com,898,550721000,1
1576,Bitfinex.com,127414399,1
BX.in.th,CoinTrader.net_LocalBitcoins.com,599990000,1
763,Bittrex.com,116007950,2
16425460,70770461,121496568,1
257316,69697250,53006320042,4
61,BTC-e.com,2712543276,17
BTC-e.com,69880033,482319914,1
0,CloudBet.com,18832248,4
35046709,BTC-e.com,299990000,1
73807082,73413151,588050807,1
ePay.info_CoinJoinMess,129629,701520158,2
348,1144,19580000,1
5183751,BTC-e.com,1113450751,1
1226,HaoBTC.com,10001003892,1
1155021,CoinURL.com,2990000,1
CoinTrader.net_LocalBitcoins.com,BitcoinVideoCasino.com,4266521677,7
Bitfinex.com,Cryptsy.com,6667340813,4
ePay.info_CoinJoinMess,2275995,398295240,1
74278400,860,507301551,1
CoinTrader.net_LocalBitcoins.com,Paymium.com,84440083,1
BTC-e.com,424,30332349395,3
968,AgoraMarket,933804650,1
45379539,6294,15521957,1
BitPay.com,Cryptsy.com,141739000,1
OKCoin.com,2226,44909003087,9
Cavirtex.com,3328,20808980,1
ePay.info_CoinJoinMess,9827200,333059761,1
4412,16756080,135906215,1
70063236,1294,250312,1
BTC-e.com,CloudBet.com,33651727834,3
10727819,0,1709657399,1
CoinTrader.net_LocalBitcoins.com,2067,35000000000,3
71319563,69565872,55665100,1
Poloniex.com,70193001,40000,1
Bitstamp.net,700,43247210648,2
CoinGaming.io,8482969,101005000,1
Paymium.com,Cryptsy.com,7551959449,1
2545,424,149150000,2
1956,45021,552300401,1
Cex.io,421,223522012,8
Cryptsy.com,6294,32730472,1
72576984,73021301,30204558,1
FaucetBOX.com,60475971,28067618,2
37466229,Bittrex.com,6385211,2
1956,Kraken.com,7107121497,12
1956,TheRockTrading.com,552300401,1
1285711,2618527,7552063706,1
Bter.com,1144,999990000,1
ePay.info_CoinJoinMess,10231195,311631859,1
71528819,597,10193434,1
Cryptsy.com,0,539751316,3
71110794,72103946,22395483,1
BTCJam.com,OKCoin.com,17558988,1
71973585,BTC-e.com,70270747,1
BitAces.me,3328,434158100,1
269,47678,11232080,1
4186175,16748,1531192141,1
5325883,73597744,66889126,1
ePay.info_CoinJoinMess,47853,73148186266,1
73846409,Cex.io,1690000,1
HaoBTC.com,1226,388320000,2
21414445,Loanbase.com,126075615,1
CoinTrader.net_LocalBitcoins.com,860,33538033849,34
Peerbet.org,BitAces.me,9990000,1
999Dice.com,Xapo.com,37577497,11
227,ePay.info_CoinJoinMess,4547016,1
342,Cex.io,99990000,1
69383113,72052097,36895209,2
SpectroCoin.com,Bitstamp.net,1747208130,1
396,999Dice.com,130956867,1
ePay.info_CoinJoinMess,33971,550425641,2
7216489,OKCoin.com,8435190000,1
45160543,CoinTrader.net_LocalBitcoins.com,500969528,1
PrimeDice.com,Poloniex.com,3200598,2
4931,0,775530946,2
69906316,860,26574564,1
CoinTrader.net_LocalBitcoins.com,1144,155147882,1
ePay.info_CoinJoinMess,Cryptsy.com,841305802735,122
CoinGaming.io,2275995,22000219,1
164,BTC-e.com,4501000096,1
37466229,Luno.com,156444551,24
73754451,294,511088374,2
ePay.info_CoinJoinMess,19858133,369562750,1
517041,BTC-e.com,2942891,1
70927660,72471604,67280207,1
641,ePay.info_CoinJoinMess,20000000,1
Cryptsy.com,Xapo.com,999889681,1
74304428,1309,46037856,1
73832817,1040721,24899579,1
AgoraMarket,Cryptsy.com,112287500,1
Bittrex.com,BX.in.th,44880000,2
Poloniex.com,Cex.io,69931886,2
Poloniex.com,CoinPayments.net,199990000,1
1285711,CoinTrader.net_LocalBitcoins.com,1097340106,1
4931,71999710,499990000,1
Bter.com,796.com,999990000,1
ePay.info_CoinJoinMess,424,22741695731308,325
ePay.info_CoinJoinMess,74278368,434236610,1
157228,4186175,28299960000,1
64475407,73203948,241903908,1
Bittrex.com,C-Cex.com,753423807,13
524180,37686970,230395172,1
CoinTrader.net_LocalBitcoins.com,73258134,191156964,1
HolyTransaction.com,585695,78000,1
Hashnest.com,0,230465422,3
CoinTrader.net_LocalBitcoins.com,348,304393900,1
CoinSpot.com.au,Cryptsy.com,66970000,2
57,Bter.com,139087,1
ePay.info_CoinJoinMess,34293,73148186266,1
71110794,7166942,134203967,2
821,3348,999990000,1
72052118,580339,242898868,1
31951990,763,9912901,3
197576,BitAces.me,156205000,1
160549,Poloniex.com,3600000,1
MiddleEarthMarketplace,CoinTrader.net_LocalBitcoins.com,63731831,2
CoinPayments.net,0,9162391,2
Bittrex.com,BtcMarkets.net,120282659,2
16425460,72917838,99690000,1
Poloniex.com,Hashnest.com,7174227196,1
37466229,Vircurex.com,25182422,2
BTC-e.com,AgoraMarket,2576732786,2
1956,4758,1713863820,2
255398,72786312,38990000,1
CoinTrader.net_LocalBitcoins.com,Xapo.com,1090779028,1
BitPay.com,Bitstamp.net,572633500,2
MaiCoin.com,PrimeDice.com,1100006,1
8360,Bittrex.com,2537235,1
417,11790,1001004068,1
ePay.info_CoinJoinMess,17060189,298463714,1
ePay.info_CoinJoinMess,1647,5778994106594,80
73962910,BTC-e.com,3894771,1
1956,1647,4925795625,6
72104556,2227706,339707012,1
3009,Cryptopay.me,2673040,1
BitVC.com,1647,16960551,1
999Dice.com,BTC-e.com,6715832,1
Bitcoin.de,BTC-e.com,2736468936,3
73096754,AllCoin.com,3028195,1
AgoraMarket,Cavirtex.com,486935215,2
2375203,1956,9336476,1
73336533,CoinArch.com,129259637,1
Bittrex.com,BTCJam.com,52984202,1
CoinKite.com,0,18606319,5
FaucetBOX.com,3918,8542704,1
6355,5162,6909836125,3
ePay.info_CoinJoinMess,CloudBet.com,1090239574,2
Cex.io,35697,100990004,1
72603304,69250922,17912697,1
Kraken.com,Bitstamp.net,27730295792,4
37466229,1294,209173321,40
72078429,70611372,76084899,1
71293041,Bitfinex.com,11979654,1
BitcoinWallet.com,597,17213872,2
763,BitcoinFog,157189430,2
FaucetBOX.com,52620741,8542704,1
ePay.info_CoinJoinMess,2329,1068475,1
BitVC.com,71005934,435838155557,17
69697250,898,7389280000,4
269,BTC-e.com,10161199,1
ePay.info_CoinJoinMess,69121415,310131316,1
SlushPool.com,BTCCPool,2838595925,1
ePay.info_CoinJoinMess,74040933,44677873,1
AntPool.com,157228,43383287690,2
289,BTC-e.com,1133122727,5
71110794,71163236,86713775,2
SatoshiBet.com,421,1210000,1
70586820,74330454,14072094,1
70429474,74067171,202602702,1
BitPay.com,ePay.info_CoinJoinMess,1705694484,7
Bter.com,294,999990000,1
ePay.info_CoinJoinMess,1149,2667011267,8
GoCelery.com,BitcoinFog,200000000,1
70481397,70482079,31656667,1
ePay.info_CoinJoinMess,2338,770026526,2
Bittrex.com,Bitstamp.net,594064133,5
ePay.info_CoinJoinMess,70559982,73148186266,1
417,ePay.info_CoinJoinMess,269950000,1
Bittrex.com,35,10414350,1
257316,Bitfinex.com,12683050012,1
SlushPool.com,CoinTrader.net_LocalBitcoins.com,2510316983,1
69173924,ePay.info_CoinJoinMess,87113000,20
70770332,69356263,85891525,1
ePay.info_CoinJoinMess,17651984,73148186266,1
8482969,CoinGaming.io,91664500,2
ePay.info_CoinJoinMess,MercadoBitcoin.com.br,152372543938,18
72262922,70533701,139812792,1
CoinJar.com,ePay.info_CoinJoinMess,1005769060,1
72341601,AgoraMarket,215476269,1
4810,Bitfinex.com,629889400,3
ePay.info_CoinJoinMess,72970186,551252167,1
Bittrex.com,Btc38.com,457099575,1
396,Cryptsy.com,110809269,1
243017,Huobi.com,107096408,4
255398,71345791,1333387912,2
ePay.info_CoinJoinMess,69147837,388631793,1
Cryptsy.com,57,9825314,1
69278079,71921539,43565098,1
536,421,3340640,2
69147837,921102,2650638,1
197576,CoinGaming.io,433800000,2
FoxBit.com.br,1576,817501138,3
269,Bittrex.com,20890000,1
74330515,Xapo.com,4007986000,1
Luno.com,0,4666940071,1
ePay.info_CoinJoinMess,107,37996414,1
Poloniex.com,BX.in.th,612676350,5
SatoshiMines.com,Cryptsy.com,1140000,1
Cex.io,Bittrex.com,50000000,1
6355,7667375,1522081561,1
1166886,LuckyB.it,2436385,8
71110794,69932391,30359237,3
ePay.info_CoinJoinMess,269,800548081,3
396,Bittrex.com,199089346,2
1116,OrderBook.net,101062000,1
73728551,OKCoin.com,4767256272,1
Bitstamp.net,20047,22945805142,3
ePay.info_CoinJoinMess,49545042,398295240,1
16211933,LuckyB.it,22546602,3
NitrogenSports.eu,Bitfinex.com,2648640535,3
0,536,86068,2
2226,Bitfinex.com,99899990000,1
0,175,591104,1
71685150,Igot.com,113980000,1
ePay.info_CoinJoinMess,Cavirtex.com,872260042,3
72760129,4412,35073219,1
269,Bitcoin.de,1633090,1
CoinTrader.net_LocalBitcoins.com,Bitcoin.de,2000732843,1
16620649,294,1971161,1
CoinTrader.net_LocalBitcoins.com,Kraken.com,1812195099,2
Bleutrade.com,Bittrex.com,399101311,8
641,C-Cex.com,1700036,1
5162,424,8104967190,3
Poloniex.com,Bitfinex.com,965633884,4
871,NitrogenSports.eu,8359199,1
28415,999Dice.com,11999990000,1
FoxBit.com.br,ePay.info_CoinJoinMess,497707440,2
513,1436,512887474,1
131539,BTC-e.com,195917000,3
289,ePay.info_CoinJoinMess,28387328,1
Poloniex.com,4397,1140990377,1
10172196,BitcoinWallet.com,9078601,1
396,Cex.io,3438585821,2
1138,0,25000000,1
CoinTrader.net_LocalBitcoins.com,70508200,812060300,1
Bitfinex.com,424,49252478572,5
SlushPool.com,Bitcurex.com,2999950000,1
SlushPool.com,31156,5176283223,2
73231720,Kraken.com,199990000,1
1576,70743567,31024585,1
22399362,71868890,149141236,2
CoinCafe.com,AgoraMarket,5999990000,1
11195085,Bitfinex.com,1819737038,2
73570164,SatoshiMines.com,12653601,2
69251458,CoinTrader.net_LocalBitcoins.com,5987449353,3
AgoraMarket,BTC-e.com,17985910260,31
FaucetBOX.com,1144,451827193,38
157228,OKCoin.com,58464378380,3
FaucetBOX.com,Cryptsy.com,289455953,25
1833,536,1202936,1
FoxBit.com.br,4273,1227924676,3
FaucetBOX.com,Btc38.com,8381950,1
ePay.info_CoinJoinMess,70166642,442455183,2
69931790,294,49741243,1
BitcoinVideoCasino.com,CoinJar.com,20551798,1
ePay.info_CoinJoinMess,1929471,1198792099,1
AgoraMarket,70429289,1148102012,2
HolyTransaction.com,CleverCoin.com,457621021,1
ePay.info_CoinJoinMess,Kraken.com,275011412767,9
Hashnest.com,Loanbase.com,12438893,1
ePay.info_CoinJoinMess,66692,73148186266,1
69278079,72444925,14778120,1
71345216,69906440,14826749,1
ePay.info_CoinJoinMess,NitrogenSports.eu,1446038665,5
FaucetBOX.com,72103925,8381950,1
157228,Bitcoin.de,28299960000,1
70796631,73440989,604711360,1
AgoraMarket,Bitcoin.de,3313740927,6
NitrogenSports.eu,269,17769439,2
69565218,BitPay.com,39090000,1
Coin.mx,5145429,1500000,1
CoinTrader.net_LocalBitcoins.com,Loanbase.com,3036975218,3
0,Hashnest.com,358865142,3
72078429,BitcoinWallet.com,49790001,1
ePay.info_CoinJoinMess,73362026,54863265,1
2648,Bitcurex.com,3401785708,1
73963652,CoinTrader.net_LocalBitcoins.com,333229176,2
Bittrex.com,921102,24835715,2
103564,Bter.com,694709562,1
PrimeDice.com,536,16162308,2
Bitcoin.de,Xapo.com,530308000,2
72943670,73963527,12982413,1
CoinSpot.com.au,Kraken.com,171686346,1
Bter.com,424,2000998223,2
SlushPool.com,OKCoin.com,17187358833,6
69723248,2624,15017273,1
Bitfinex.com,Bittrex.com,4891447739,4
69827694,Coinomat.com,7815880,2
73962910,CoinTrader.net_LocalBitcoins.com,29417221,2
157228,69260,15082209190,1
72262922,70664519,25857858,1
999Dice.com,Cryptsy.com,22052911,6
ePay.info_CoinJoinMess,Bitcurex.com,149826091447,3
Kraken.com,2648,6065272765,1
Cryptsy.com,AgoraMarket,10980482,1
CoinTrader.net_LocalBitcoins.com,70716785,176665634,1
ePay.info_CoinJoinMess,1309,331125290713,117
5184258,CoinTrader.net_LocalBitcoins.com,1103072000,1
CoinKite.com,70586705,564000000,1
57,CloudBet.com,9052728,1
70691530,72655374,47490999,1
26152,69226075,943741834,1
FaucetBOX.com,6216423,28067618,2
Bter.com,2237,999990000,1
SlushPool.com,0,273126267789,103
Kraken.com,Bittrex.com,1186727300,2
62274565,Cex.io,39511279,1
4931,72681535,451980946,1
Bittrex.com,Betcoin.ag,180847664,2
70770332,ePay.info_CoinJoinMess,72050267,1
1200666,LuckyB.it,105700000,27
342,74251827,672790000,1
73961799,58471,64990000,1
1956,Igot.com,2063874974,2
C-Cex.com,1294,8517844,1
Cex.io,BitPay.com,5909915,1
35,269,2441369,1
ePay.info_CoinJoinMess,1238508,496967384,1
73702037,70324478,29944552,1
523,2648,2475152686,2
FaucetBOX.com,EmpoEX.com,8381950,1
429033,1771091,1827844885,13
Poloniex.com,Bter.com,766975278,9
72603304,69748627,37814002,1
Bittrex.com,1580,75900055,1
71816758,70272201,65881843,1
SatoshiDice.com,ePay.info_CoinJoinMess,6065222,1
16425460,30864203,40172516,1
Cex.io,Cryptsy.com,1628842395,8
NitrogenSports.eu,PrimeDice.com,58532514,3
Bter.com,Bitstamp.net,1681068705,1
ePay.info_CoinJoinMess,4474579,73148186266,1
72078429,70140915,59770002,1
CoinTrader.net_LocalBitcoins.com,22399362,816926001,1
73096754,Xapo.com,9084585,3
4273,Paymium.com,200000000,1
BitPay.com,BTC-e.com,896975300,5
Bter.com,AnoniBet.com,999990000,1
0,C-Cex.com,6948017,3
74066429,BTC-e.com,55537638,1
BitBargain.co.uk,72577166,296985000,1
446678,BTCJam.com,85211729,1
69251755,CoinTrader.net_LocalBitcoins.com,21535222,1
72838910,72577151,37942834,1
72183380,2652,68967719,1
Huobi.com,70325236,1846207327769,61
NitrogenSports.eu,Betcoin.ag,159247309,1
455545,Coinichiwa.com,949896,2
70979549,BitBargain.co.uk,122170022,2
Coin.mx,BTCJam.com,68100000,2
ePay.info_CoinJoinMess,1328107,92717970,1
ePay.info_CoinJoinMess,8539,401246696,1
Exchanging.ir,12576,656552279,2
71136349,73884099,45055037,1
70193026,71868890,86758000,1
ePay.info_CoinJoinMess,978,1462963725320,20
SatoshiDice.com,1309,201159891,1
72733276,999Dice.com,178710000,1
Bter.com,CoinTrader.net_LocalBitcoins.com,199990000,1
Cex.io,1833,24100164,2
763,PrimeDice.com,1458277750,8
ePay.info_CoinJoinMess,1098,321369313,1
144947,Bter.com,482504446,2
Cex.io,295653,9633598,2
CoinMotion.com,Hashnest.com,105590000,1
70691540,BitPay.com,12290231,1
65565809,294,9939541,1
SatoshiBet.com,PrimeDice.com,102980402,1
70062633,BitPay.com,49757825,1
Coinroll.com,1309,41546224,2
7471,BTC-e.com,71049998000,1
ePay.info_CoinJoinMess,Peerbet.org,858995006,3
37466229,Coin.mx,4148859,3
269,Poloniex.com,2377998,1
69252167,421,4070718,1
73962910,BTCJam.com,22047057,1
4397,1294,672930000,1
LuckyB.it,1370,140000,1
70953647,74200055,160250784,1
1956,69769,552300401,1
71424476,421,2272769,1
Huobi.com,421,99990000,1
ePay.info_CoinJoinMess,Cex.io,3189182888854,176
2010811,CoinTrader.net_LocalBitcoins.com,54620691,1
72760143,255398,96634200,1
NitrogenSports.eu,CloudBet.com,34172842,3
1929471,860,1488478599,3
255398,29504847,501220000,1
73336527,BitcoinWallet.com,980078807,1
1956,1805,1031937487,1
ePay.info_CoinJoinMess,641,330325297,1
ePay.info_CoinJoinMess,Poloniex.com,150855900567,17
Rollin.io,Cex.io,1655714,1
PrimeDice.com,Bitstamp.net,1294500,1
MercadoBitcoin.com.br,BTCC.com,59834316,1
Cryptsy.com,421,174442867,3
23010605,7770761,57359400,1
ePay.info_CoinJoinMess,52842513,318170580,1
BTC-e.com,4810,30906082707,2
ePay.info_CoinJoinMess,73387920,44480821,1
23010605,Luno.com,19014000,1
43323182,294,487990000,1
396,269,31056116,1
1833,1144,1833600,1
AgoraMarket,NucleusMarket,2017242183,4
ePay.info_CoinJoinMess,71816743,110907530,1
57,Xapo.com,64247,1
Bitstamp.net,Bittrex.com,27991687374,2
ePay.info_CoinJoinMess,CoinVault,73148186266,1
FaucetBOX.com,Bittrex.com,168652701,15
63592714,Huobi.com,1360555354,1
CoinTrader.net_LocalBitcoins.com,Comkort.com,29882825,1
6216423,999Dice.com,70448,2
73962910,CloudBet.com,3958088,1
20047,BitBargain.co.uk,871042636,2
70927666,37686970,111736947,1
ePay.info_CoinJoinMess,421,646940955018,210
ePay.info_CoinJoinMess,HolyTransaction.com,17163254433,50
FaucetBOX.com,72996069,13963269,1
4938877,107,2509447,1
Poloniex.com,PrimeDice.com,7174227196,1
ePay.info_CoinJoinMess,14862962,28117698,1
PrimeDice.com,411,30971152,3
FaucetBOX.com,CoinJar.com,8477894,1
Bitcoin.de,BitPay.com,80477639936,161
FaucetBOX.com,C-Cex.com,75557151,6
C-Cex.com,BitPay.com,19980000,1
6355,Bittrex.com,4566244683,3
3356440,1747,58006053,1
Cavirtex.com,Bitstamp.net,9001026787,1
BTC-e.com,289,4615838288,1
2338,Bitfinex.com,249939000,1
CoinURL.com,Cryptsy.com,12470970,1
69696221,860,338536667,1
AgoraMarket,Bter.com,589288655,1
70062872,72602382,234287274,1
ePay.info_CoinJoinMess,73727519,111403176,1
Coin.mx,Loanbase.com,5008511,1
BitZillions.com,6521368,93919797,7
Bitcoin.de,Bter.com,12285442139,1
HolyTransaction.com,1323,20000,2
ePay.info_CoinJoinMess,SatoshiDice.com,63790350,3
4331748,Betcoin.ag,169938511,1
Bitstamp.net,154,17559479850,1
69487117,860,247840591,1
4931,BTC-e.com,751156695,2
71502261,69121605,30387330,1
1285711,2918032,24819260212,2
NitrogenSports.eu,CoinTrader.net_LocalBitcoins.com,4980000,1
6355,ePay.info_CoinJoinMess,3044163122,2
19189385,265,70501542,1
Kraken.com,BitPay.com,2999988650,1
FaucetBOX.com,1756235,27971674,2
999Dice.com,421,317731260,6
2648,523,2453538487,2
6355,QuadrigaCX.com,1522081561,1
999Dice.com,1309,2684703217,26
Bitcoin.de,ePay.info_CoinJoinMess,14067588126,4
70325236,BitVC.com,160807646866,1
Bitcoin.de,AgoraMarket,87943114767,23
276290,NitrogenSports.eu,5994000,1
CoinGaming.io,0,1390000,1
0,CoinGaming.io,4997336,1
1285711,Cryptsy.com,10375739912,2
289,2725807,34127328,1
CryptoStocks.com,269,2639654,1
74278522,70454751,366187690,1
69434689,294,4274581,1
6355,Genesis-Mining.com,3044163122,2
597,71057953,429959942,1
CoinTrader.net_LocalBitcoins.com,13951749,375816088,1
BTCGuild.com,144727,2504111759,1
ePay.info_CoinJoinMess,109306,499990000,1
Cryptsy.com,CoinGaming.io,33834446,2
NitrogenSports.eu,BitPay.com,29099997,2
ePay.info_CoinJoinMess,71501413,199490001,1
BitBargain.co.uk,73571615,499990000,1
Hashnest.com,1576,8582319,1
1956,17566139,552300401,1
ePay.info_CoinJoinMess,Bitstamp.net,292600245205,6
Bitfinex.com,BTCC.com,1302202209,2
FaucetBOX.com,1149,36514378,3
BTCJam.com,27723,6092398,2
PocketDice.io,Cex.io,5380000,2
71502280,73698207,8104359,1
Poloniex.com,60522474,2426826,1
FaucetBOX.com,PocketDice.io,8542704,1
61,1144,3595920,1
FaucetBOX.com,7328,8542704,1
Hashnest.com,HaoBTC.com,10840835,1
54809975,8343,14029392,1
157228,71318983,28299960000,1
70063369,Loanbase.com,179519286,1
ePay.info_CoinJoinMess,5348,2999075636906,41
CoinGaming.io,Betcoin.ag,2227100,2
1155021,Xapo.com,427911913,3
Poloniex.com,Cryptsy.com,2063881002,11
979585,Xapo.com,64981830,1
Cryptsy.com,C-Cex.com,12619534,3
289,38813,959940000,1
ePay.info_CoinJoinMess,CoinCafe.com,401246696,1
72078407,0,20432094,1
69801257,Bitfinex.com,174999960000,2
ePay.info_CoinJoinMess,787953,73148186266,1
227,1309,3420065,2
Bitfinex.com,ePay.info_CoinJoinMess,10410782134,7
CoinArch.com,6801,598060434,7
FaucetBOX.com,1972,19589724,1
Bleutrade.com,CoinTrader.net_LocalBitcoins.com,14499436,1
ePay.info_CoinJoinMess,1281001,419605608,1
SlushPool.com,Cryptsy.com,11339962626,4
103564,424,3620601125,1
70219932,265,140526177,1
74251827,0,63536360,1
42093257,BitPay.com,60596242,3
Bitstamp.net,BtcMarkets.net,4395185000,1
243017,796.com,5974206,1
107,CoinTrader.net_LocalBitcoins.com,6119109403,2
SlushPool.com,Bitstamp.net,8838495925,3
BitPay.com,Bter.com,2010000,1
Hashnest.com,7219,11990176,1
AgoraMarket,ChBtc.com,468464013,2
BitBargain.co.uk,AgoraMarket,2150905065,9
Cex.io,Bitbond.com,2210251,1
Bitstamp.net,LiteBit.eu,168965878459,9
Bitfinex.com,OKCoin.com,55576295457,5
57,Hashnest.com,12852701,1
ePay.info_CoinJoinMess,326403,286350891,1
2226,796.com,18201278690,2
Kraken.com,Cryptsy.com,413355118,2
898,AgoraMarket,1652288230,2
1580,61,61540728,3
Cryptsy.com,ePay.info_CoinJoinMess,301023596,1
C-Cex.com,269,21697962,1
C-Cex.com,Poloniex.com,143414545,3
Coinomat.com,Bittrex.com,15634330,1
BitVC.com,Btc38.com,180820000,1
Cex.io,PrimeDice.com,137820201,6
72157021,73258263,100710000,1
73100096,2652,25216637,1
56353767,CoinTrader.net_LocalBitcoins.com,2221433884,2
72367940,69984656,321922261,1
6355,CoinTrader.net_LocalBitcoins.com,1522081561,1
763,0,11494253,1
Exchanging.ir,72075462,245812927,1
73096754,0,12112780,4
ePay.info_CoinJoinMess,BX.in.th,3179715898,12
Huobi.com,OKCoin.com,71310216204,3
SlushPool.com,BTC-e.com,16352466446,6
SlushPool.com,8889192,2501466701,1
61184934,Bittrex.com,233082328,1
Bleutrade.com,421,19212147,1
Cex.io,Betcoin.ag,56018676,1
TheRockTrading.com,BitPay.com,999990000,1
18972,SpectroCoin.com,434253206,6
73728551,424,7367266272,1
73046365,71607431,8335383,1
SlushPool.com,421,10525196131,4
71293041,0,11979654,1
74224961,73987471,17347501,1
6355,Xapo.com,1522081561,1
57,CoinGaming.io,60440454,2
72102457,5308530,30334764,1
70795870,999Dice.com,38683959,3
ePay.info_CoinJoinMess,Betcoin.ag,359575884,9
70927666,2172648,444516813,1
26152,Cex.io,10317900000,2
69644586,Kraken.com,42400716,1
16425460,73439550,78796946,1
6174,1576,152086641,1
0,Xapo.com,5478375,4
FaucetBOX.com,Indacoin.com,8381950,1
Paymium.com,Coin.mx,5279921995,1
CoinTrader.net_LocalBitcoins.com,47350166,696324400,1
1095,Xapo.com,2846472,1
Rollin.io,0,2872679,2
BitPay.com,2530385,145620600,1
45157988,BTC-e.com,655586027,6
71110749,Xapo.com,1600541,1
HolyTransaction.com,999Dice.com,19000,1
69251458,524123,2799970000,1
1285711,72890901,1950370106,1
72577151,74226354,76496349,1
157228,BitVC.com,28299960000,1
39297,Kraken.com,3138067257,1
35576660,1956,43871900,2
FaucetBOX.com,536,30887923,3
2411244,CloudBet.com,485110296,1
2624,BTC-e.com,390110506,10
45379539,71058547,30631957,1
HaoBTC.com,1252,924710000,2
72104556,Hashnest.com,236990338,1
Bter.com,Cryptsy.com,6276066612,5
FaucetBOX.com,Bitcoin.de,42067432,3
Coinichiwa.com,Bleutrade.com,16047809,3
1098103,Purse.io,1070238600,1
49319582,0,364904,1
1956,1144,2616175375,3
62939283,ePay.info_CoinJoinMess,44990000,1
CoinTrader.net_LocalBitcoins.com,71764469,816926001,1
69225461,BitZino.com,57482096,1
ePay.info_CoinJoinMess,38161,73148186266,1
ePay.info_CoinJoinMess,70952498,211466145,1
HolyTransaction.com,PrimeDice.com,1196149,3
10073457,72209845,41699670,1
AnoniBet.com,CoinTrader.net_LocalBitcoins.com,76795563,1
ePay.info_CoinJoinMess,72550932,251631397,1
999Dice.com,763,2922811513,1
40976172,Bter.com,13639000,1
Bitstamp.net,898,268806592826,9
Bitstamp.net,821,56934686672,5
Kraken.com,342,14465755400,8
ePay.info_CoinJoinMess,46011832,496967384,1
4251,921102,2461480,1
74330515,ePay.info_CoinJoinMess,48193161438,2
Bitfinex.com,5384962,2999930000,1
71136349,72129701,73781863,1
ePay.info_CoinJoinMess,55244,73148186266,1
ePay.info_CoinJoinMess,70717806,324661861,1
Poloniex.com,AnoniBet.com,99890000,1
73962910,117348,25888295,1
AgoraMarket,70822201,595256581,1
74330515,Bter.com,23203903269,1
2226,BTC-e.com,281499920000,7
37466229,ChangeTip.com,163534110,15
72419896,69801759,17153007,1
5325883,69618346,116521879,1
134509,523,2208425,1
3871,10073457,121637542,1
396,PrimeDice.com,49644317,1
Bitbond.com,122763,357895156,1
CoinTrader.net_LocalBitcoins.com,42274033,2499990000,1
Huobi.com,BTCCPool,1213166963,3
424,2226,825416006382,20
PrimeDice.com,1155021,19990000,1
ePay.info_CoinJoinMess,LuckyB.it,3730309544,262
157228,Huobi.com,28299960000,1
71502261,73726630,55218282,1
HolyTransaction.com,BTCJam.com,1200015,1
417,7366,510005818,1
999Dice.com,Bleutrade.com,168548,1
348,2010811,311971951,3
69906437,70560602,230536000,2
ePay.info_CoinJoinMess,2896419,401246696,1
469,2064109,258866352,1
ePay.info_CoinJoinMess,13793,336268389,1
CoinJar.com,BTC-e.com,36900000,1
CoinTrader.net_LocalBitcoins.com,411,565488536,1
Cryptsy.com,289,14988230,1
9796635,LuckyB.it,23156000,50
307793,2624,99990000,1
1370,LuckyB.it,1187814,1
Bittrex.com,Bter.com,531935604,4
FaucetBOX.com,Poloniex.com,78706019,6
73962910,57,14905813,1
8121566,2652,227970000,2
523,PrimeDice.com,32775190,6
PrimeDice.com,6911159,10996861,1
0,Cryptsy.com,135702570,7
0,3328,200811,1
C-Cex.com,OKCoin.com,46809472,3
73807082,70848854,595060807,1
1091440,348,81407980,1
ePay.info_CoinJoinMess,46209,73148186266,1
74329976,NitrogenSports.eu,129990000,1
Cryptsy.com,Hashnest.com,232916513,2
6294,1309,26400021,1
Huobi.com,ChBtc.com,29305245420,9
28663,Cryptsy.com,68990000,1
71763564,AnoniBet.com,149960000,1
73846409,421,1690000,1
24131,Bitcurex.com,1593980000,1
73702037,53230497,98464944,1
FaucetBOX.com,73649714,8381950,1
2226,BitVC.com,599990000,1
AgoraMarket,57,1124385112,2
10073457,5145429,96137260,1
C-Cex.com,Coinichiwa.com,1120913,1
ePay.info_CoinJoinMess,72104691,211466145,1
342,BitcoinFog,1135850000,1
BTC-e.com,BitVC.com,11678205638,1
4129316,CoinGaming.io,9000,1
Hashnest.com,Cex.io,5231941,1
Bittrex.com,7366,1182092,1
ePay.info_CoinJoinMess,70063233,276264822,1
ePay.info_CoinJoinMess,72419823,198835345,1
1956,417,6624314980,8
10172196,72078407,64700487,1
73962910,HolyTransaction.com,2623713,1
Bitfinex.com,Poloniex.com,142493804,1
SatoshiDice.com,BTC-e.com,195761448,1
6166631,615198,1990000,1
7964604,BitPay.com,59688750,1
Cryptsy.com,Huobi.com,461674386,1
ePay.info_CoinJoinMess,72655524,388631793,1
18999160,BitPay.com,38067945,1
999Dice.com,69225864,61082586,4
49697,73753907,120990000,1
Bitstamp.net,1576,59784592401,3
FaucetBOX.com,70037060,17020598,2
BitPay.com,72969616,140843300,1
24898729,860,16336224,1
3226874,CoinTrader.net_LocalBitcoins.com,156841260,1
ePay.info_CoinJoinMess,74251595,73148186266,1
1226,BTCC.com,10509868,1
ePay.info_CoinJoinMess,6466232,115241327,1
157228,49062,15082209190,1
6355,Cex.io,6088326244,4
73702037,70219932,169997268,2
YoBit.net,Poloniex.com,4144761,1
70063369,CoinKite.com,734799286,2
70586705,7328,723326034,1
4385893,294,43160793,1
2226,10079038,21144535274,1
0,1309,633288,3
C-Cex.com,CloudBet.com,3080000,1
CoinTrader.net_LocalBitcoins.com,73414008,550721000,1
73414936,CampBX.com,14676309,2
35045,BTC-e.com,235990000,1
1580,1294,127836098,2
4050,39799,12761543397,3
AgoraMarket,FYBSG.com,484716300,1
SlushPool.com,71424476,2510316983,1
71788261,67933107,11957546,1
FaucetBOX.com,16621,25337738,3
Cex.io,Kraken.com,114932121,1
PrimeDice.com,BTCJam.com,92155898,1
71345216,72419995,46244842,1
0,Kraken.com,3848971,1
37466229,BX.in.th,8826522,4
C-Cex.com,1309,4712277,2
Bitstamp.net,Bitcoin.de,64519535714,6
BitPay.com,Bitcoin.de,642156900,3
FaucetBOX.com,7883231,8542704,1
70534535,Igot.com,76918304,1
Poloniex.com,421,849931151,10
CoinTrader.net_LocalBitcoins.com,70219219,2000732843,1
BitYes.com,1576,446412639,1
71110794,74226067,14285134,1
Bter.com,AllCoin.com,3999970000,3
SlushPool.com,33728444,2674816522,1
16425460,74224961,11665268,1
Bter.com,Cavirtex.com,2930490000,1
Bittrex.com,Bit-x.com,11094263,1
Bittrex.com,2184069,6837730,1
73806408,SimpleCoin.cz,71319139,2
YoBit.net,C-Cex.com,3697134,1
27723,100157,921452,1
3391048,69827719,426239136,2
40774,144727,84614126,1
5183751,40948331,240009798,1
144847,Bitcoin.de,68777962,1
72968172,71607478,35838000,1
74330515,6048,23203903269,1
CoinTrader.net_LocalBitcoins.com,BTCJam.com,1994073217,4
417,424,6023960000,2
69303601,BTC-e.com,50536001,1
69173924,73623403,113104000,21
ePay.info_CoinJoinMess,72446294,43430840,1
1420757,CoinCafe.com,72338675360,2
1528188,ePay.info_CoinJoinMess,4780000,1
7073000,BTC-e.com,465379419,2
BTCJam.com,BTC-e.com,528312180,3
68701620,BitPay.com,38975039,1
69486890,73752872,79990000,1
CoinTrader.net_LocalBitcoins.com,71058527,1401666800,1
72262922,70796288,34440102,1
7983,Hashnest.com,2458962,1
40948331,71788261,376452555,1
ePay.info_CoinJoinMess,826601,75233013,1
Bittrex.com,1144,165538533,5
70927666,PrimeDice.com,55605712,1
7328,1972,1240000,1
Kraken.com,CoinTrader.net_LocalBitcoins.com,1913592132,5
69984672,69171579,61438771,2
763,ePay.info_CoinJoinMess,5600000,1
CoinTrader.net_LocalBitcoins.com,OKCoin.com,7032428861,3
HolyTransaction.com,421,3235901,1
BTC-e.com,CoinPayments.net,46514245,1
69330102,AdmiralCoin.com,7880071,1
10172196,73257750,23367593,1
818721,4273,29990000,1
Kraken.com,CoinPayments.net,931409091,1
FaucetBOX.com,72262805,19589724,1
Bittrex.com,OKCoin.com,499229801,6
72129925,BitcoinVideoCasino.com,19996805,1
73962910,0,212943858,25
Cryptsy.com,641,2000108,1
Cex.io,Bitcurex.com,31990000,1
BTC-e.com,OKCoin.com,1610581917,2
330126,107,159929051,2
103564,Bitstamp.net,1192124273,2
Cryptonator.com,Bter.com,1343282,1
70953647,73646940,29014225,1
BitPay.com,Xapo.com,142494400,1
CloudBet.com,1285711,45462741679,2
71502261,71397492,44372889,1
69278079,69722595,46345000,1
ePay.info_CoinJoinMess,69852948,242197200,2
Cryptsy.com,1144,288020746,3
ePay.info_CoinJoinMess,Loanbase.com,478876698,1
40976172,421,66384000,2
20718,Hashnest.com,1251027448,2
Poloniex.com,Bitstamp.net,7381134227,3
73623403,49766186,38571179,1
157228,BTC-e.com,86764338380,4
Cryptsy.com,73806408,2134147,1
Bitstamp.net,175,81757929335,4
ePay.info_CoinJoinMess,69539683,356255728,1
1226,424,2430323820,2
ePay.info_CoinJoinMess,PrimeDice.com,6777178895,27
MercadoBitcoin.com.br,860,67352315,3
3982,1309,9051455,1
Kraken.com,Bitcoin.de,29750967384,12
CoinTrader.net_LocalBitcoins.com,73440977,402430525,1
BTCJam.com,Bitcoin.de,501050108,1
10231195,Betcoin.ag,9990000,1
69304318,597,7087094,2
Bitcoin.de,Cex.io,499940000,1
74120883,73074354,17975348,2
ePay.info_CoinJoinMess,307899,499990000,1
999Dice.com,MaiCoin.com,34990000,1
AgoraMarket,SatoshiDice.com,595332894,1
ePay.info_CoinJoinMess,Coinichiwa.com,9990000,1
40976172,Coin.mx,17826000,1
BitPay.com,CoinKite.com,141013400,1
Loanbase.com,Bitfinex.com,2501742063,3
73702037,71685265,118713685,1
6294,Cryptsy.com,9770000,1
Hashnest.com,BitcoinVideoCasino.com,23696328,1
72943916,73989640,77541324,1
Cryptonator.com,6294,1144644,1
PrimeDice.com,70585494,21025509,1
PrimeDice.com,1200666,21007270,1
FaucetBOX.com,16083010,13963269,1
871,ePay.info_CoinJoinMess,299990000,1
ePay.info_CoinJoinMess,73231663,377401278,1
Bitfinex.com,BTC-e.com,172112122340,18
57,OKCoin.com,74602925,1
16425460,70665323,21594967,1
1227,2179507,47994806,1
269,536,41000065,1
BtcTrade.com,BitPay.com,82967925,1
10465893,860,85007513,1
Bitstamp.net,AgoraMarket,148957494202,12
ePay.info_CoinJoinMess,OkLink.com,146296372532,2
28663,Bitfinex.com,24130640,1
6355,Cavirtex.com,1522081561,1
Cavirtex.com,CoinTrader.net_LocalBitcoins.com,1000314410,1
71110749,1144,2153805,1
C-Cex.com,1956,16628743,2
BitPay.com,15368089,109379000,1
860,265,28913103953,7
70377072,CoinTrader.net_LocalBitcoins.com,88308902,1
Genesis-Mining.com,Poloniex.com,101031752,1
Igot.com,ePay.info_CoinJoinMess,1080006,1
70063369,CoinTrader.net_LocalBitcoins.com,400387622,1
74252301,BitPay.com,47230229,2
2026252,CoinTrader.net_LocalBitcoins.com,800825310,1
3009,7366,2030160,1
Cryptsy.com,CoinTrader.net_LocalBitcoins.com,322664774,2
74330515,424,23203903269,1
Loanbase.com,CoinTrader.net_LocalBitcoins.com,1470149099,3
ePay.info_CoinJoinMess,199273,764325733,2
60997896,71135969,46602898,1
AgoraMarket,BitZino.com,386104110,1
Huobi.com,Bitstamp.net,19762025454,3
CoinTrader.net_LocalBitcoins.com,CloudBet.com,334530097,1
ePay.info_CoinJoinMess,31317920,54975231,9
Bitstamp.net,523,1382653564,1
ePay.info_CoinJoinMess,BitVC.com,585185490128,8
LuckyB.it,1528188,16233380,21
Cryptsy.com,763,14103381001,51
1144,11332,9865560045,4
ePay.info_CoinJoinMess,70429690,336268389,1
71816729,523,12779820,1
ePay.info_CoinJoinMess,1083400,9251933,1
ePay.info_CoinJoinMess,Bittrex.com,167075277360,62
FaucetBOX.com,150330,13963269,1
14927860,860,70786460,1
BTCJam.com,Coin.mx,1012468631,1
1925,CoinTrader.net_LocalBitcoins.com,6499970000,3
ePay.info_CoinJoinMess,BitcoinVideoCasino.com,978232773,12
Btc38.com,103564,34508441787,26
QuadrigaCX.com,64475407,37607043,1
9904952,BTCJam.com,429382,1
Matbea.com,CoinTrader.net_LocalBitcoins.com,6572281,1
ePay.info_CoinJoinMess,CoinTrader.net_LocalBitcoins.com,245029267496,53
Cex.io,C-Cex.com,4578210715,4
73229975,8343,28929032,1
PrimeDice.com,421,11561761,3
ePay.info_CoinJoinMess,73597183,291296901,1
Bitfinex.com,BitVC.com,18690894790,2
LuckyB.it,2445947,2779858,2
ePay.info_CoinJoinMess,72498594,244801573,1
0,269,26351587,3
CoinTrader.net_LocalBitcoins.com,Cavirtex.com,16775741,1
37466229,CoinJar.com,7097211,1
AgoraMarket,411,3733461347,8
0,999Dice.com,7566648,2
255059,Cavirtex.com,561310586,1
69147680,AnoniBet.com,9270000,1
ePay.info_CoinJoinMess,70245966,83790990,2
8360,Bter.com,1374056,1
C-Cex.com,BtcMarkets.net,16970000,1
70062872,73336551,291797274,1
36654099,BitPay.com,10158733,1
Loanbase.com,BTCJam.com,361712881,4
24131,3348,2314990000,1
C-Cex.com,1576,515026200,1
6355,Vircurex.com,1522081561,1
46013,144727,87929842,1
37904064,PrimeDice.com,48445099,2
72104556,21349,236849338,1
Coin.mx,BitcoinFog,146800000,1
Poloniex.com,1580,14271377,1
Comkort.com,421,7566199,2
HolyTransaction.com,SatoshiBet.com,1225030,1
821,BTC-e.com,4391211728,1
265,0,2875318308,2
SatoshiBet.com,FaucetBOX.com,1088972,1
Cex.io,641,12229753,2
69984672,70586820,54208877,2
PrimeDice.com,Xapo.com,1090000,1
HolyTransaction.com,Cryptsy.com,8385003,2
16756080,47786823,437260335,1
ePay.info_CoinJoinMess,6216423,242331894,1
BitBargain.co.uk,ePay.info_CoinJoinMess,1995636260,4
71632624,SafeDice.com,1054590,1
FaucetBOX.com,289,297080006,23
9969,SatoshiDice.com,205259000,1
FaucetBOX.com,1443066,50315357,3
FaucetBOX.com,0,3049519608,239
ePay.info_CoinJoinMess,72629111,468778914,1
74251827,AnoniBet.com,22400000,1
BtcTrade.com,55137511,10900114,1
Cryptsy.com,Vircurex.com,2713492,1
763,CloudBet.com,48885547,2
Cryptsy.com,Bittrex.com,2696259897,10
72393742,70691530,48321932,1
FaucetBOX.com,CoinTrader.net_LocalBitcoins.com,165463889,13
CoinPayments.net,Coinmate.io,203223535,3
37466229,BTC-e.com,71768998,16
Bter.com,Cex.io,1999980000,2
SatoshiBet.com,1309,35571832,1
101,Bittrex.com,30626295,1
70744193,269,3590000,1
197576,BitcoinVideoCasino.com,154215001,1
2364438,4337,93732000,2
69565439,3167,17102222,1
70141434,5145429,28860448,1
70849007,69880033,582695710,1
73807082,0,150172624,1
ePay.info_CoinJoinMess,194937,73148186266,1
MercadoBitcoin.com.br,BtcMarkets.net,5499990000,1
Bittrex.com,EmpoEX.com,7321310,2
ePay.info_CoinJoinMess,2214,388631793,1
NitrogenSports.eu,CoinKite.com,500390000,1
763,999Dice.com,801052527,1
FaucetBOX.com,Bter.com,28067618,2
Bitcoin.de,Kraken.com,11085074418,2
CoinTrader.net_LocalBitcoins.com,1493,499702720,1
CoinJar.com,0,16534000,1
Bitstamp.net,Cex.io,1825612659,2
ePay.info_CoinJoinMess,50760093,406868701,1
16425460,70665174,60986923,1
57,ChangeTip.com,2181777,2
Bleutrade.com,6294,18269336,1
Bitfinex.com,Cavirtex.com,4061977807,2
Bitstamp.net,Luno.com,20646923891,4
ePay.info_CoinJoinMess,73937407,409670399,1
CoinSpot.com.au,BtcMarkets.net,37879900,1
61,Matbea.com,177023347,4
536,Cryptsy.com,3248100,1
4931,ePay.info_CoinJoinMess,538510946,1
954,Huobi.com,49999990000,1
ePay.info_CoinJoinMess,0,4772320602888,955
ePay.info_CoinJoinMess,289,307806254939,46
ePay.info_CoinJoinMess,70665166,377401278,1
BtcTrade.com,Bter.com,1086100408,2
3504685,74042306,118933061,1
Bitfinex.com,Xapo.com,128167744,1
999Dice.com,Loanbase.com,152659499,1
70744026,Betcoin.ag,157630000,1
72104556,FaucetBOX.com,1139797012,2
1956,424,24870675002,37
BitcoinVideoCasino.com,3328,31091274,1
70953647,BTC-e.com,194504686,1
71502261,69905660,52921167,1
BitAces.me,Bittrex.com,2914811,1
67771244,Kraken.com,2266594,2
0,PocketDice.io,7948474,3
36795674,294,39990000,1
Bitstamp.net,CoinMotion.com,46749447589,5
ePay.info_CoinJoinMess,21349,496967384,1
73963652,74303170,21199335,1
71241404,0,400010000,1
BTCJam.com,Luno.com,10950827,1
157228,5784856,28299960000,1
73153283,70638973,23958170,1
157228,Igot.com,15082209190,1
CoinGaming.io,BitBay.net,1969538,1
ePay.info_CoinJoinMess,70063236,217196253,1
968,BitcoinFog,300000000,1
1956,31951990,1713863820,2
Cryptsy.com,1309,2128435,1
37466229,57,391010782,54
1956,Cex.io,16031362706,16
Huobi.com,OkLink.com,273647225,2
ePay.info_CoinJoinMess,72944041,84990000,1
2705,40948331,3157686295,1
BTCJam.com,Hashnest.com,16046087,1
1956,ePay.info_CoinJoinMess,5305014065,7
71136349,70691658,35004991,1
1182826,ePay.info_CoinJoinMess,3957925474,5
Purse.io,OKCoin.com,23900000,1
C-Cex.com,Cryptsy.com,91297766,5
ePay.info_CoinJoinMess,CoinURL.com,887092133,2
28952305,BTC-e.com,805161075,1
FaucetBOX.com,269,19589724,1
HolyTransaction.com,1144,33262929,3
BitVC.com,BTCC.com,189576810,1
71502261,CoinTrader.net_LocalBitcoins.com,44131333,1
17566139,1095,54517234,1
0,FortuneJack.com,477632,2
72550352,1144,27619,1
71319609,LuckyB.it,14536776,3
73202641,295653,2136091141,1
Bter.com,1294,999990000,1
Bittrex.com,Poloniex.com,1630068916,19
342,74225589,199990000,1
Coin.mx,AgoraMarket,512535451,10
ePay.info_CoinJoinMess,7366,292592745064,4
AgoraMarket,ePay.info_CoinJoinMess,39321511649,62
70717037,71633838,16026809,1
954,424,337235607954,16
11619,2468655,52760145,1
73962910,Cex.io,25663685,1
Cex.io,Bter.com,5225200925,4
ePay.info_CoinJoinMess,3120,214052223,1
999Dice.com,1323,600021712,2
CoinTrader.net_LocalBitcoins.com,CoinSpot.com.au,119090000,1
107,NitrogenSports.eu,3562513003,1
71842975,71502876,12133027,1
Bitstamp.net,SimpleCoin.cz,3594232060,1
73807082,74015208,557104213,1
763,Coinomat.com,10540821,1
1956,CoinJar.com,1031937487,1
CoinJar.com,BitcoinVideoCasino.com,10707319,1
AgoraMarket,61,201384591,1
73846409,0,28410000,5
BTCJam.com,Coinroll.com,1377718,1
Bitcurex.com,26152,18349373867,10
11332,28415,30702174441,2
37466229,CoinTrader.net_LocalBitcoins.com,332710256,61
Bitfinex.com,898,1001006093,1
342,BitcoinVideoCasino.com,399980000,2
Coin.mx,Betcoin.ag,3717502,1
BTC-e.com,BitPay.com,23743158961,3
ePay.info_CoinJoinMess,BTCC.com,2779631078108,38
1956,Bitfinex.com,2380445688,3
ePay.info_CoinJoinMess,BitcoinVietnam.com.vn,73766629215,3
CleverCoin.com,Bitcurex.com,456611000,1
10073457,0,34845286,1
FaucetBOX.com,70246057,16762364,1
Poloniex.com,CoinTrader.net_LocalBitcoins.com,63443002,2
Cavirtex.com,Bitfinex.com,3060627657,3
71842975,72838825,136564700,1
ePay.info_CoinJoinMess,Banx.io,341973646,1
70559982,CoinGaming.io,163980000,2
22883451,69200099,559119683,1
0,Cex.io,1472201,2
BitPay.com,0,1569863400,8
3527931,49319582,5470699,1
ePay.info_CoinJoinMess,Btc38.com,6217851730839,86
73153273,BitPay.com,7053643,1
Bitstamp.net,BitcoinFog,247507067919,3
Bitstamp.net,Xapo.com,5130235000,2
70691530,72367961,9060195,1
73962910,Xapo.com,69323451,8
37466229,PrimeDice.com,71875988,18
Poloniex.com,1294,258873842,2
954,Bittrex.com,999990000,1
3065058,348,9955633,1
1956,1294,2136538289,3
396,BitcoinWallet.com,39716587,1
7166942,8343,79773304,1
ePay.info_CoinJoinMess,73649728,459039253,1
1956,Huobi.com,1031937487,1
6801,MercadoBitcoin.com.br,8303124,1
999Dice.com,1833,5752800,1
Bitstamp.net,33004224,9599990000,1
1095,38346,174572907,1
71554939,Poloniex.com,1181772000,1
1103,73336533,3714810000,1
Cryptsy.com,Betcoin.ag,14580122,1
Poloniex.com,Bittrex.com,5034506254,26
FaucetBOX.com,BX.in.th,13963269,1
1576,4273,419003951,2
Bter.com,421,999990000,1
Bitfinex.com,74278400,372158895,2
74147398,74200010,5593665,1
1576,Bittrex.com,472889184,1
72367940,73153283,1423660943,6
CoinTrader.net_LocalBitcoins.com,PrimeDice.com,101839733,1
Bitstamp.net,C-Cex.com,999990000,1
Hashnest.com,CoinTrader.net_LocalBitcoins.com,2131235,1
859581,CoinGaming.io,7712400,1
70585494,PrimeDice.com,44906494,2
ePay.info_CoinJoinMess,118992,242331894,1
ePay.info_CoinJoinMess,39779325,431265972,1
73336527,73414293,1208807212,1
1834092,CoinTrader.net_LocalBitcoins.com,956494172,1
1748906,BTC-e.com,2741645774,2
45379539,1294,32189434,1
ePay.info_CoinJoinMess,879,294993363,1
1956,3120,4200413263,5
BitYes.com,1647,144444166,1
Bittrex.com,AllCoin.com,154156109,3
Cryptonit.net,25844,48924380,1
Bitstamp.net,Huobi.com,12145825142,1
1538606,BitPay.com,18682050,1
999Dice.com,6294,3490000,1
BitPay.com,898,1599081888,1
ePay.info_CoinJoinMess,BTC-e.com,2350451864092,74
ePay.info_CoinJoinMess,Vircurex.com,7652440897,5
72315292,860,57050708,1
56353767,74015503,365951925,1
71502261,69723200,147344988,1
BitBay.net,4251,6640026076,23
ePay.info_CoinJoinMess,BitcoinWallet.com,3017480570,8
342,Hashnest.com,122482442,1
FYBSG.com,CoinTrader.net_LocalBitcoins.com,140088250,1
ePay.info_CoinJoinMess,1443066,425443850,1
Bitstamp.net,763,40605510902,7
ePay.info_CoinJoinMess,BitPay.com,15707472431,29
FaucetBOX.com,Peerbet.org,36352088,2
6294,1144,48721500,2
69407489,CoinPayments.net,2025631,1
0,348,2650780,1
CoinPayments.net,1495423,33076203,4
763,BTC-e.com,1869954262,6
72603304,73963550,49959860,1
Cex.io,71607478,3379990000,1
ePay.info_CoinJoinMess,Comkort.com,425443850,1
73202641,Bittrex.com,1505576116,1
60997896,69932507,158313661,4
4673,CoinTrader.net_LocalBitcoins.com,53510000,1
CoinTrader.net_LocalBitcoins.com,BitcoinFog,15408328611,10
Bter.com,Poloniex.com,3000090310,4
69486955,CoinTrader.net_LocalBitcoins.com,105806604,1
Kraken.com,0,739981200,1
6355,OKCoin.com,1522081561,1
6355,CoinJar.com,3044163122,2
1956,HolyTransaction.com,552300401,1
CoinPayments.net,50427066,11397722,3
Cryptsy.com,Bter.com,18864145,2
663113,72472198,3710767408,2
269,421,3114954,1
69723200,2652,9259852,1
Poloniex.com,107,1221057,1
HolyTransaction.com,ePay.info_CoinJoinMess,2091570,3
5325883,70560686,47476214,1
37466229,0,1319598755,171
5048116,72577151,378990000,1
Coinroll.com,BitZino.com,4950000,1
57,BitPay.com,23188382,2
417,1647,7099980000,1
BitcoinWallet.com,72577151,31435040,2
Cryptsy.com,Bitstamp.net,716282266,3
ePay.info_CoinJoinMess,Xapo.com,415090655748,631
73336527,294,1094000258,1
7964604,CoinJar.com,35409550,1
Kraken.com,Bter.com,811042348,3
PrimeDice.com,ePay.info_CoinJoinMess,4030305142,7
1956,278515,552300401,1
6466232,73466982,8251428,1
Hashnest.com,796.com,188980000,2
40976172,0,12219000,1
PrimeDice.com,Betcoin.tm,2786736,1
71267265,BitPay.com,204211853,2
GoCelery.com,AgoraMarket,400000000,1
BtcTrade.com,1647,509308359,3
2758406,72498623,449112250,1
FaucetBOX.com,441956,13963269,1
ePay.info_CoinJoinMess,70246056,321369313,1
15203339,4412,246781707,1
Huobi.com,CoinTrader.net_LocalBitcoins.com,39199487699,29
3918,Coin.mx,1210912,2
FaucetBOX.com,ChBtc.com,13963269,1
Poloniex.com,Comkort.com,41346661,2
71659657,CoinTrader.net_LocalBitcoins.com,881736067,1
1956,29427,2063874974,2
CoinKite.com,ePay.info_CoinJoinMess,67459200,1
1956,7683210,155955283,1
Bleutrade.com,MercadoBitcoin.com.br,1542002,1
Hashnest.com,Igot.com,65701996,1
70324445,1083400,3230000,2
Bittrex.com,8360,8354340,2
FaucetBOX.com,199545,19589724,1
73623403,1528188,38571179,1
60522474,3982,1408738,1
ePay.info_CoinJoinMess,CoinGaming.io,225184960,3
Poloniex.com,OKCoin.com,111031773,2
SlushPool.com,73962769,2501466701,1
MercadoBitcoin.com.br,73413701,29675043,1
FoxBit.com.br,BTCJam.com,581649328,2
43510,0,259990000,4
ePay.info_CoinJoinMess,71633611,226732463,1
42601,1530097,159490000,1
16425460,69878799,171767415,1
ePay.info_CoinJoinMess,Huobi.com,36642092053000,501
641,Cryptsy.com,3439426,2
70063369,0,799980000,2
CoinTrader.net_LocalBitcoins.com,0,2929335438,8
4251,871,904900000,1
Hashnest.com,BTCC.com,79726053,1
Bitstamp.net,24131,46040084122,1
Coin.mx,NitrogenSports.eu,33369326,1
37466229,MaiCoin.com,2094437,1
898,BitcoinFog,383810000,1
72655374,597,23848214,1
61,BitcoinFog,770300001,1
Poloniex.com,BitVC.com,999990000,1
PrimeDice.com,871,69990000,1
SatoshiBet.com,175,27080798,1
Rollin.io,NitrogenSports.eu,3013930,2
4395,BTC-e.com,600000000,1
FaucetBOX.com,69329889,13963269,1
AgoraMarket,70796466,538326662,1
Kraken.com,CoinKite.com,1179924950,2
CoinURL.com,OKCoin.com,281609015,1
898,Betcoin.ag,199990000,1
Hashnest.com,1294,12244102,2
ePay.info_CoinJoinMess,55834,486721882,2
3731332,421,7081972,1
PrimeDice.com,Kraken.com,50290400,1
NitrogenSports.eu,CoinGaming.io,4790000,1
Bitstamp.net,57,84393813936,3
BitPay.com,69513228,142024200,1
289,CoinTrader.net_LocalBitcoins.com,59112650,1
372749,1647,1927236002,1
26152,Bitfinex.com,573941703,1
Hashnest.com,Poloniex.com,2020959,1
91114,2648,118044278,1
15879,Bitfinex.com,143537435327,1
1472686,BTC-e.com,932890000,1
1252,424,7001100870,2
ePay.info_CoinJoinMess,5342,854580885,2
72419823,294,16178360,1
72472408,74224961,174263782,3
ePay.info_CoinJoinMess,7883231,363996022,1
ePay.info_CoinJoinMess,763,211466145,1
SlushPool.com,Bter.com,10525196131,4
56796266,2624,250635937,1
1956,Cavirtex.com,2616175375,3
0,921102,5923758,4
ePay.info_CoinJoinMess,BabylonMarket,124102092,2
Bitcoin.de,1259771,2475028932,1
BTC-e.com,Bittrex.com,1531259683,2
69173924,72603436,51673000,9
68870830,73336419,401564198,1
ePay.info_CoinJoinMess,17427381,352690600,1
6294,1149,55333189,1
73441080,CoinTrader.net_LocalBitcoins.com,45879586,1
36114,144727,83838000,1
ePay.info_CoinJoinMess,71528823,297922649,1
954,BitVC.com,99999980000,2
Bittrex.com,Coinichiwa.com,1985217,1
ePay.info_CoinJoinMess,21441,219444558798,3
2237,HolyTransaction.com,599990000,1
1956,Bitcoin.de,3793439492,6
FoxBit.com.br,70743567,863440168,2
49319582,Xapo.com,719604,1
70849007,751407,194980000,1
1956,Genesis-Mining.com,8656587391,12
SlushPool.com,Huobi.com,2501466701,1
348,BTC-e.com,11462085116,7
70534604,NitrogenSports.eu,837381000,1
Poloniex.com,289,1670268098,8
3615819,1747,8091732,1
ePay.info_CoinJoinMess,Coin.mx,751964345,2
Bitstamp.net,BitBargain.co.uk,463861827133,20
1956,Xapo.com,1584237888,2
15279166,BTC-e.com,211737222,2
326403,70638747,47287470,1
73962910,1294,28974737,3
CoinURL.com,46798,12470970,1
1956,Hashnest.com,1031937487,1
73937508,BitPay.com,15481000,1
57,Betcoin.ag,80987794,3
BTCJam.com,0,185177232,5
61394841,Hashnest.com,304832,1
CoinTrader.net_LocalBitcoins.com,Cryptsy.com,8394689921,7
54290099,72969148,20222637,1
69618346,71868869,49612753,1
16425460,72603512,111961898,2
ePay.info_CoinJoinMess,70037060,363996022,1
66002753,860,213993007,2
Kraken.com,Cavirtex.com,4392820531,3
Bleutrade.com,921102,2002634,1
16425460,73204303,49044319,1
BX.in.th,BTC-e.com,1074550067,8
Bitstamp.net,CleverCoin.com,46040084122,1
1956,6294,552300401,1
71005934,BitVC.com,240781868032,3
2725807,BTC-e.com,5680000,1
ePay.info_CoinJoinMess,69565223,239191599,1
Bitfinex.com,1182826,4498054977,2
FaucetBOX.com,27939,13963269,1
CoinSpot.com.au,Loanbase.com,100000000,1
BTCJam.com,57,9259627,1
37466229,Poloniex.com,42921055,6
ePay.info_CoinJoinMess,55533,271589036,1
Bittrex.com,269,59443201,4
157228,Hashnest.com,243346347570,10
469,421,270564352,1
Cex.io,ePay.info_CoinJoinMess,2090636,1
ePay.info_CoinJoinMess,CleverCoin.com,308168907,1
70062863,BitPay.com,7378930,1
348,1070,110700031,1
SlushPool.com,57,8349583044,3
71737519,SatoshiMines.com,2638724,1
71737519,BTC-e.com,6245354,2
5632,CloudBet.com,24952964,2
337445,Kraken.com,10126560,1
70115593,BitcoinVideoCasino.com,72241476,4
Bitstamp.net,MercadoBitcoin.com.br,563715440887,12
49319582,31530509,165718,1
CoinTrader.net_LocalBitcoins.com,73858016,1099980000,1
FoxBit.com.br,Loanbase.com,2099990000,1
Bitstamp.net,CoinTrader.net_LocalBitcoins.com,318548419068,20
FaucetBOX.com,999Dice.com,8381950,1
Cryptsy.com,69723233,19988168,1
CoinPayments.net,13864293,522558051,4
72576984,70821952,39893579,1
70796631,ePay.info_CoinJoinMess,7293658413,5
Poloniex.com,BTCCPool,285090000,1
Cex.io,38097914,16307181,1
73388349,ePay.info_CoinJoinMess,18682427,1
Poloniex.com,763,74550121,2
37466229,Bter.com,7220296,2
PrimeDice.com,32354,5705705,2
21646128,1294,148073588,4
70978674,294,52208642,1
4395,4412,70950493,1
CoinChimp.com,BitLaunder.com,251000003,1
CoinGaming.io,6911159,49654788,2
FaucetBOX.com,5941,45057082,4
0,1144,401770,1
37466229,50421438,36495677,12
Genesis-Mining.com,Bitfinex.com,872405331,9
69984672,70560046,2288177,1
157228,Luno.com,43382169190,2
2799,AgoraMarket,708510000,1
3210677,70455774,39990000,1
Paymium.com,Bittrex.com,5279921995,1
536,Xapo.com,7850887,6
Cex.io,523,4963502538,3
1226,441347,63150000,1
SlushPool.com,4186175,10525196131,4
AgoraMarket,CoinJar.com,847876711,2
CoinTrader.net_LocalBitcoins.com,2652,880983431,2
243017,BTCCPool,149410000,1
13793,ePay.info_CoinJoinMess,85160561,1
ePay.info_CoinJoinMess,C-Cex.com,4973460973,19
ePay.info_CoinJoinMess,12848518,73148186266,1
CoinTrader.net_LocalBitcoins.com,69225461,1370715202,1
12848518,1309,2374037,1
23247,999Dice.com,496625214,5
157228,4411380,15082209190,1
Bitstamp.net,BTCJam.com,52776086708,2
4673,LuckyB.it,25504714,4
157228,421,15082209190,1
1956,11686,681926333,1
269,Cryptsy.com,52410997,4
16425460,69120169,39725124,1
32413624,Bter.com,84090711,1
ePay.info_CoinJoinMess,11582,73148186266,1
5184258,Paymium.com,1103072000,1
1956,CoinMotion.com,1031937487,1
SatoshiCircle.com,421,83008780,1
1233363,FaucetBOX.com,1189844,1
39799,Bitstamp.net,2799990000,1
42274033,73309040,219147238,1
40948331,72760129,308745496,2
70586705,BTC-e.com,3084284136,4
ePay.info_CoinJoinMess,536,8205779152,23
2067,AgoraMarket,9999990000,1
536,1144,1285364,1
ePay.info_CoinJoinMess,1070,377401278,1
763,BitPay.com,12581611,1
69958594,1294,3024188,1
BitZillions.com,ePay.info_CoinJoinMess,64222454123,311
107,Bitstamp.net,298434454412,89
269,Hashnest.com,2243846,1
Cryptsy.com,AnoniBet.com,283084933,1
70873311,74068311,17495492,1
BitcoinVideoCasino.com,69225461,250000000,1
Bitfinex.com,Kraken.com,351400000,1
70586820,70665174,38800095,2
ePay.info_CoinJoinMess,229097,314586832,1
36586430,1493,7470066,2
4395,243017,230410000,10
CoinKite.com,CloudBet.com,252099999,2
71424618,532,4383000,1
1285711,5632,33863256312,4
C-Cex.com,BTC-e.com,174230708,9
70062872,72707708,521594548,2
74278522,BitcoinWallet.com,318374258,1
6911159,CoinGaming.io,511691610,6
Bittrex.com,HolyTransaction.com,4403679,1
999Dice.com,Poloniex.com,15059586,4
118992,1747,12037516,1
ePay.info_CoinJoinMess,73100140,74841655,1
71110794,BTC-e.com,43567735,1
2226,Btc38.com,899990000,1
175,1956,79880000,1
PrimeDice.com,21414445,11490036,1
Cryptsy.com,Kraken.com,330047271,1
859581,LuckyB.it,114939600,20
0,BTC-e.com,588321939,5
71110140,BTC-e.com,183494713,1
0,Loanbase.com,10100431,2
LuckyB.it,16211933,8378450,3
ePay.info_CoinJoinMess,71868644,252230215,1
3731332,11706884,9769000,1
69173924,9796635,17511000,3
149308,LuckyB.it,122045594,3
1956,7184,552300401,1
72078429,71685895,83682581,2
74330515,BitPay.com,24979257169,1
70062872,70795265,242987274,1
0,Poloniex.com,5320821,1
16425460,73780825,111268165,1
ePay.info_CoinJoinMess,1972,443795438,1
342,Bitcoin.de,646137797,1
Huobi.com,BitVC.com,102319578948,66
Bittrex.com,Loanbase.com,219346195,4
69984672,72577041,9599378,1
BTCGuild.com,269,2506520704,1
CoinTrader.net_LocalBitcoins.com,72157021,499590000,1
0,FYBSG.com,11465926,1
Bter.com,19025100,999990000,1
ePay.info_CoinJoinMess,2078,219444558798,3
Bitstamp.net,424,66187497232,5
Bter.com,1647,1587774617,1
265,BTC-e.com,56246016522,7
FaucetBOX.com,BTC-e.com,178917745,11
BitZino.com,Rollin.io,1080000,1
C-Cex.com,BTCJam.com,4570878,1
69775175,2652,8259230,1
73074504,61,40468693,1
ePay.info_CoinJoinMess,Bitfinex.com,77458337950,3
57,CoinPayments.net,806721,1
VirWoX.com,342,56377547112,42
PrimeDice.com,342,4823187,3
143516,BitAces.me,100511629,1
289,Xapo.com,177181742,3
Hashnest.com,107,105570529,1
70586841,BitPay.com,22783413,1
AgoraMarket,Paymium.com,299544603,1
29976439,Loanbase.com,6156689,2
Hashnest.com,CryptoStocks.com,2380119,1
1956,3810,2063874974,2
AgoraMarket,Poloniex.com,913074597,2
C-Cex.com,Xapo.com,45420000,3
37466229,1309,22317944,5
72078429,73022073,35201452,1
ePay.info_CoinJoinMess,70482207,8990612,1
1509159,BTC-e.com,406035701,1
2179507,OKCoin.com,46697594,1
FaucetBOX.com,6294,28067618,2
NitrogenSports.eu,Bittrex.com,23527235,1
Cryptsy.com,21953,3699988230,1
73336533,CoinTrader.net_LocalBitcoins.com,2865171507,1
73096754,ePay.info_CoinJoinMess,9084585,3
LiteBit.eu,ePay.info_CoinJoinMess,279085730,1
1695643,12548,1173322400,1
10166,CoinTrader.net_LocalBitcoins.com,509480000,1
ePay.info_CoinJoinMess,72236394,1916685,1
Bitstamp.net,Bitfinex.com,725037017615,19
4673,CloudBet.com,156055816,8
CoinURL.com,421,12470970,1
FaucetBOX.com,421,563262384,46
CoinJar.com,Bittrex.com,85620000,1
PrimeDice.com,1323,1091351,1
Cryptsy.com,Loanbase.com,147498220,1
BTC-e.com,72943876,6119969115,1
2739281,348,32213806,1
BTC-e.com,9670,74166529946,1
71110794,70062165,115923963,1
71972824,51306882,492857660,1
15879,Bitstamp.net,143537445327,1
2812638,73021461,631997593,2
CoinTrader.net_LocalBitcoins.com,ePay.info_CoinJoinMess,14880798393,11
Bitstamp.net,73989529,5228024055,1
BitAces.me,ePay.info_CoinJoinMess,32970000,1
ePay.info_CoinJoinMess,15553180,1800000,1
898,Bitstamp.net,499990000,1
ePay.info_CoinJoinMess,Luno.com,222005141163,9
LuckyB.it,149308,3688656,3
BTCJam.com,Bittrex.com,13482189,1
1370,SatoshiMines.com,1030831,1
73441090,Kraken.com,6995379,1
CoinTrader.net_LocalBitcoins.com,SatoshiBet.com,1959893713,2
CoinTrader.net_LocalBitcoins.com,999Dice.com,3476611620,2
CoinPayments.net,CoinTrader.net_LocalBitcoins.com,10975276,1
9376569,CoinPayments.net,35703300,1
Bitfinex.com,CoinTrader.net_LocalBitcoins.com,10260682453,14
69252167,SatoshiMines.com,3729158,2
PrimeDice.com,Bitfinex.com,22081486,2
72104556,73179417,302880443,1
ePay.info_CoinJoinMess,AdmiralCoin.com,211466145,1
469,Bittrex.com,255365352,1
Cex.io,Cryptopay.me,7728817,1
BtcTrade.com,OkLink.com,40301479,1
72603304,BTC-e.com,660942335,2
Huobi.com,4050,6439906131,1
ePay.info_CoinJoinMess,BTCCPool,16385962204197,226
57,BTCJam.com,143390065,2
71136349,72497980,95670046,1
70325236,Huobi.com,1520192221642,22
CoinURL.com,1309,281609015,1
24142,342,199990000,1
ePay.info_CoinJoinMess,73100100,248100768,1
954,OKCoin.com,99999980000,2
MaiCoin.com,421,3836556,2
FaucetBOX.com,CoinSpot.com.au,50315357,3
57,NitrogenSports.eu,188665196,5
ePay.info_CoinJoinMess,72890839,57447272,2
523,BTC-e.com,1637557396,3
Cryptonator.com,ePay.info_CoinJoinMess,7865287,3
4395,Huobi.com,936354430,8
57,ePay.info_CoinJoinMess,102401028,1
71737519,PrimeDice.com,2454455,1
BitAces.me,NitrogenSports.eu,633092998,4
72262922,70742902,61135900,1
Bitstamp.net,BTCC.com,26987872567,2
3614758,BitPay.com,39287566,2
Huobi.com,1647,1874755317,4
7884725,BTC-e.com,39964545,1
Matbea.com,61,180502630,3
536,0,4537582,4
CleverCoin.com,24131,2315994976,1
74147398,72183522,45810020,1
Poloniex.com,Btc38.com,2688375477,5
Cex.io,Hashnest.com,23045012,2
72367940,70639151,253733542,1
Bittrex.com,0,738254379,6
73336533,15278773,3049990000,1
70140915,BitPay.com,57414510,1
Hashnest.com,BTC-e.com,19995322,1
109920,CoinTrader.net_LocalBitcoins.com,41079025,1
ePay.info_CoinJoinMess,70927450,321369313,1
Bittrex.com,796.com,29990000,1
71947632,860,38880689,1
72102457,ePay.info_CoinJoinMess,345436908,1
ePay.info_CoinJoinMess,227,3071323234,12
Cex.io,Xapo.com,49990000,1
Cryptsy.com,33971,21180472,1
1576,BTCJam.com,79990000,1
Bittrex.com,BitPay.com,31953451,3
ePay.info_CoinJoinMess,Cryptonator.com,17852297414,49
339430,CoinTrader.net_LocalBitcoins.com,80419742,1
73336533,0,8319657148,3
73597179,2652,496600444,2
Bleutrade.com,269,1825585,1
1285711,Huobi.com,12094795106,1
FaucetBOX.com,Cryptonator.com,227300206,18
FaucetBOX.com,BTCJam.com,13963269,1
Bleutrade.com,Cryptsy.com,247945272,6
73022114,ePay.info_CoinJoinMess,41400,1
NitrogenSports.eu,1385330,9980000,1
CoinSpot.com.au,Poloniex.com,400000000,1
BTC-e.com,NitrogenSports.eu,63192579,1
1098103,BitPay.com,13930261092,24
CoinWorker.com,0,11380559,3
70246075,BitPay.com,36927000,1
197576,69799961,166851501,1
BitPay.com,57,141753000,1
Poloniex.com,NitrogenSports.eu,8531563,1
CoinMotion.com,Bitstamp.net,151759288,2
1576,818721,41334544,1
72603304,71580926,19104895,1
Bitfinex.com,Bter.com,3497462800,2
Cex.io,0,214708683,10
69304232,BTC-e.com,68533700,1
157228,4050,56599920000,2
74252329,ePay.info_CoinJoinMess,16868000,2
ePay.info_CoinJoinMess,3048834,409670399,1
Hashnest.com,20718,14904154,1
69697250,CoinTrader.net_LocalBitcoins.com,999890000,1
72681697,CoinTrader.net_LocalBitcoins.com,745980000,1
71110794,69304318,27772488,1
ePay.info_CoinJoinMess,Purse.io,685570185,2
72393866,Cex.io,22611529,1
2445947,LuckyB.it,3159134,2
ePay.info_CoinJoinMess,71947473,255898229,1
Kraken.com,MercadoBitcoin.com.br,4649982250,3
ePay.info_CoinJoinMess,BTCJam.com,76825774615,16
110115,Bitfinex.com,5070175112,2
898,BitBargain.co.uk,502063366,1
Hashnest.com,BTCJam.com,21678718,1
SatoshiMines.com,1370,51090531,2
70063369,265,934599316,3
74121213,BTC-e.com,487823000,1
Hashnest.com,1309,7562881,1
BTCJam.com,Cex.io,4361707,1
2968651,0,223038,1
2648,Cryptsy.com,2716474,1
ePay.info_CoinJoinMess,69487833,83869547,1
1956,763,2338827536,4
NitrogenSports.eu,46252592,13021562,1
17060189,PrimeDice.com,380000,1
70062872,69435310,283527274,1
Igot.com,28663,375770496,1
10231195,CoinGaming.io,18575081,3
FaucetBOX.com,CoinKite.com,16924654,2
C-Cex.com,1095,22776519,1
2329,421,1310938,1
Purse.io,BitPay.com,628553969,3
SafeDice.com,BitAces.me,10992043,1
AgoraMarket,0,1354056129,3
45374539,1530097,336352200,1
69382154,73074650,125871220,1
ePay.info_CoinJoinMess,14208054,441299859,1
BitVC.com,424,84945339658,5
6911159,Betcoin.ag,49468168,5
Hashnest.com,Bitstamp.net,14318666,1
MercadoBitcoin.com.br,BitPay.com,1537872685,2
1956,2338,552300401,1
257316,110115,12683050012,1
74225589,BitcoinVideoCasino.com,21183672,2
999Dice.com,HolyTransaction.com,203976,1
417,Huobi.com,10499960000,2
71110749,HolyTransaction.com,1933122,1
FaucetBOX.com,39030,16762364,1
10172196,CoinTrader.net_LocalBitcoins.com,32291268,1
72655374,0,14353214,1
33951799,BitPay.com,35990000,1
37466229,ePay.info_CoinJoinMess,632155586,99
FaucetBOX.com,56445348,8381950,1
BTC-e.com,71084962,6387358,1
CoinURL.com,1294,12470970,1
73963652,73571260,67632293,1
72839276,74303820,238372761,3
CoinTrader.net_LocalBitcoins.com,69278079,282990760,1
Bter.com,763,18856144330,18
289,1144,56002534,1
157228,424,113199840000,4
69225461,BitcoinVideoCasino.com,499970000,1
154,SatoshiCircle.com,1200548,1
6355,0,28919549659,19
230001,LuckyB.it,7673225403,251
Cryptsy.com,Bitfinex.com,3836139936,8
999Dice.com,0,28603710,5
CoinTrader.net_LocalBitcoins.com,597,2356022714,3
194937,525,19772646,1
70796631,AgoraMarket,687621879,1
CoinTrader.net_LocalBitcoins.com,Bittrex.com,3944344561,3
73846409,Xapo.com,11670000,1
FaucetBOX.com,BitZino.com,13963269,1
61,ePay.info_CoinJoinMess,563805991,2
74198912,73073877,70906650,1
107,OKCoin.com,4748820959,4
ePay.info_CoinJoinMess,29227,73148186266,1
74330515,0,10384997000,1
74226354,40948331,69575095,1
Betcoin.tm,22087460,2040890000,1
ePay.info_CoinJoinMess,21646128,73148186266,1
FaucetBOX.com,1833,8477894,1
73963652,70953771,228109354,2
ePay.info_CoinJoinMess,28663,1285846857,3
91531,3319,4359678,2
70534535,Hashnest.com,13661149,1
LuckyB.it,ePay.info_CoinJoinMess,1643041180,262
7033379,Coinomat.com,8819765,1
3009,Cryptsy.com,3679310,2
C-Cex.com,Kraken.com,5893642,1
57,AgoraMarket,1061428219,7
999Dice.com,Betcoin.ag,18511663,1
74330515,Kraken.com,23203903269,1
AgoraMarket,Bitcurex.com,1559734465,4
3219197,0,64990607,1
72078429,70689624,27925983,1
Cryptsy.com,BitcoinVideoCasino.com,1398988230,1
73336527,70717767,1219766449,1
ePay.info_CoinJoinMess,69644132,318170580,1
FaucetBOX.com,Xapo.com,1626926576,133
71110892,860,219659580,1
71241404,3328,14970000,1
ePay.info_CoinJoinMess,342,403765876,1
ePay.info_CoinJoinMess,69749485,301661788,1
AgoraMarket,46096938,664380506,2
72890901,CoinGaming.io,12980000,2
20168665,70482207,23041840,1
763,Cryptopay.me,25451335,1
71658626,BitPay.com,1985997061,1
ePay.info_CoinJoinMess,69853725,456285645,1
BitZillions.com,1200666,14330605,1
Cex.io,71318983,94568676,1
FaucetBOX.com,1941,64768365,7
Bitstamp.net,Cavirtex.com,100345551074,5
73258263,2652,99990000,1
10172196,74251554,46173775,1
69147680,CloudBet.com,7340000,1
3792617,69301640,29442447,1
ePay.info_CoinJoinMess,1833,933970659,3
3226874,Poloniex.com,124331260,1
LuckyB.it,859581,23578752,20
Kraken.com,TheRockTrading.com,1585488650,1
SatoshiMines.com,Xapo.com,1023029,1
YoBit.net,Bittrex.com,12374953,2
1956,289,2688838690,4
Cex.io,BTC-e.com,327874826,5
Loanbase.com,Poloniex.com,3225200,1
1958285,BTC-e.com,465590000,1
289,1493,4464024636,2
978,BtcTrade.com,19298674,2
Bleutrade.com,0,3372032,2
999Dice.com,3088766,521174,1
FoxBit.com.br,7779201,2700274294,5
43972,1493,109317950,1
ePay.info_CoinJoinMess,22092921,413532664,1
157228,CoinTrader.net_LocalBitcoins.com,30164418380,2
69251458,AllCoin.com,2999980000,1
57,Cryptsy.com,126129863,3
ePay.info_CoinJoinMess,70612568,217196253,1
1956,Bitstamp.net,1584237888,2
Bittrex.com,1294,614562172,4
C-Cex.com,BTCCPool,48648915,1
74330515,Bitstamp.net,320085947759,19
1285711,CoinGaming.io,2462943706,1
69357034,73963652,238226960,1
NitrogenSports.eu,73752542,66050076,1
BitPay.com,21024,140422100,1
Bitfinex.com,BitcoinVietnam.com.vn,1049880000,1
64146037,2652,10942490,1
70325312,BitPay.com,199365902,2
523,871,602140454,3
FaucetBOX.com,71973475,13963269,1
0,PrimeDice.com,145607670,3
CoinPayments.net,BTC-e.com,34720724,2
Bitstamp.net,72577160,26528628556,4
525,2226,5008112462,8
MercadoBitcoin.com.br,1576,395424884,1
0,57,16182217,2
63592714,424,4365557215,1
Rollin.io,CoinGaming.io,1690635,1
74226378,CoinGaming.io,8635540,1
ePay.info_CoinJoinMess,71318983,73148186266,1
342,CoinGaming.io,199990000,1
Poloniex.com,796.com,21140687,1
Bitcoin.de,Bitstamp.net,392957790,1
CoinTrader.net_LocalBitcoins.com,Bitstamp.net,754480000,1
265,532,10004163864,3
3088766,999Dice.com,2650048,4
1576,BTC-e.com,431601562,1
Bitstamp.net,BitcoinWallet.com,1999990000,1
57,CoinTrader.net_LocalBitcoins.com,106856856,1
536,1833,1204148,1
70927660,7328,72607311,2
ePay.info_CoinJoinMess,AgoraMarket,41098296961,30
396,421,26420924,1
Peerbet.org,0,1511236,1
ePay.info_CoinJoinMess,55660705,14753214,1
Cryptsy.com,Poloniex.com,11976441,1
1285711,2411244,20192410106,1
C-Cex.com,EmpoEX.com,7151133,1
BitPay.com,Matbea.com,2655100,1
LiteBit.eu,Bitstamp.net,53990000,1
ePay.info_CoinJoinMess,45550,73148186266,1
Bitstamp.net,342,224884582315,18
CoinTrader.net_LocalBitcoins.com,Betcoin.ag,987405344,4
BitPay.com,73937508,141501800,1
BitVC.com,4395,199990000,1
BTCJam.com,BitZino.com,52736858,2
129629,1294,556511,1
763,Bter.com,841707770,3
LuckyB.it,1200666,13476901,27
818544,107,1392479468,2
227,999Dice.com,2604281,2
1448695,CoinGaming.io,200541900,1
523,ePay.info_CoinJoinMess,126720000,1
NitrogenSports.eu,ePay.info_CoinJoinMess,276667026,4
Bitfinex.com,Bitstamp.net,87516270493,6
BitVC.com,OKCoin.com,17665087926,6
1443066,Cryptsy.com,3926575,3
1285711,BTC-e.com,2327990106,1
ePay.info_CoinJoinMess,SatoshiMines.com,692244663,2
1956,BtcTrade.com,552300401,1
ePay.info_CoinJoinMess,70377652,465512200,1
10172196,72995324,48213140,1
45021,Cryptsy.com,1010000,1
Cryptsy.com,269,6433164,2
70611619,74330365,128107341,1
CoinTrader.net_LocalBitcoins.com,AgoraMarket,42343508220,41
1956,Bter.com,2861920651,4
Poloniex.com,1144,769970000,3
FaucetBOX.com,1294,669199006,47
3583642,597,54502073,1
69146577,ePay.info_CoinJoinMess,14300,1
73807082,71842765,241182624,1
2024,421,9680861,1
ePay.info_CoinJoinMess,BitZillions.com,79360841823,323
ePay.info_CoinJoinMess,19025117,376449579,5
Hashnest.com,269,3738988,2
157228,0,375357313520,17
Igot.com,CoinTrader.net_LocalBitcoins.com,562547317,4
73466994,SatoshiDice.com,84838,1
Bitstamp.net,107,2235888923797,63
Purse.io,BitBargain.co.uk,26036850,1
255398,73937548,1205835000,3
ePay.info_CoinJoinMess,CoinJar.com,147353654662,6
Cryptsy.com,Cex.io,4001535,1
FaucetBOX.com,199273,41934943,3
ePay.info_CoinJoinMess,999Dice.com,4790144171,17
Bitstamp.net,74015330,69655585521,1
55834,Bitstamp.net,358204843,1
BitPay.com,1621394,143842500,1
3009,0,7852149,2
72078429,73858041,45708337,1
Igot.com,0,72549767,1
10172196,71528433,41654592,1
73962910,ePay.info_CoinJoinMess,64020704,12
SatoshiMines.com,0,101038333,1
Paymium.com,1098,7551959449,1
Vircurex.com,BTCJam.com,66807116,1
Hashnest.com,Bitfinex.com,17070545,1
22399362,CoinTrader.net_LocalBitcoins.com,276151236,2
19025117,1144,182734,1
72916777,Bittrex.com,64940000,3
ePay.info_CoinJoinMess,70744284,367068116,1
SlushPool.com,Igot.com,2501466701,1
73336527,71947632,1594711859,2
CoinTrader.net_LocalBitcoins.com,BX.in.th,810277043,1
0,1956,25250142,2
69644586,107,31166822,1
CoinKite.com,Xapo.com,10038,1
1956,0,45347147955,62
Cex.io,Bitfinex.com,39130000,1
69880033,BTC-e.com,619711614,1
6355,525,1522081561,1
72603304,74304435,19662781,1
555136,BTC-e.com,173893254,1
Cex.io,13864293,95990000,1
Cryptonator.com,Cryptsy.com,1087953,1
FaucetBOX.com,14877688,16762364,1
73754451,CoinTrader.net_LocalBitcoins.com,1677499646,5
Kraken.com,821,525271058,1
ePay.info_CoinJoinMess,72969555,441299859,1
72890901,CloudBet.com,6038624,2
CoinTrader.net_LocalBitcoins.com,2010811,585338000,1
LuckyB.it,1166886,2179200,8
417,OKCoin.com,1001299103,1
1530097,12280,134700372,1
CoinTrader.net_LocalBitcoins.com,61,9233634501,16
763,Poloniex.com,86894844,1
FoxBit.com.br,74252301,525422635,2
1972,1144,1095500,1
29141,BTC-e.com,700000000,1
ePay.info_CoinJoinMess,199545,769252940,2
2433866,424,22068394,1
CoinJar.com,AgoraMarket,3386106805,5
71842162,265,73291024,1
Bitstamp.net,72393121,2898483160,1
Bter.com,BTC-e.com,1999980000,2
70952498,C-Cex.com,102000,1
999Dice.com,PrimeDice.com,57393913,6
Bitstamp.net,3348,82516732189,6
73807082,74200013,684436481,1
ePay.info_CoinJoinMess,4050,1024074607724,14
72577001,BitcoinVideoCasino.com,15952096,1
49130502,265,134814100,1
446678,BitPay.com,9431672,1
BitVC.com,796.com,439736182,4
5162,Huobi.com,3216894920,2
Huobi.com,BTC-e.com,21511559095,23
954,2226,300001138866,2
Cex.io,424,36782473,1
ePay.info_CoinJoinMess,61837026,366588537,1
71607478,265,16163800,1
255398,73832817,807518956,2
7675245,Bitstamp.net,160840000,1
243017,BtcTrade.com,287807912,4
Huobi.com,4395,1257522742,7
74330515,BTC-e.com,46829809538,2
CoinTrader.net_LocalBitcoins.com,Luno.com,403569061,1
PrimeDice.com,1144,57113727,4
16425460,71398159,149590000,1
69173924,71319609,29737000,4
999Dice.com,1294,890932464,23
532,BTC-e.com,707221377,3
ePay.info_CoinJoinMess,72996069,301661788,1
Bitcoin.de,Bittrex.com,714270000,1
71502261,72472408,239867282,1
ePay.info_CoinJoinMess,1323,5665931390,16
149308,Poloniex.com,133483292,3
33971,6294,45500000,1
72916777,Cryptsy.com,13960000,1
Bittrex.com,421,1868989412,9
37466229,999Dice.com,7728648,2
ePay.info_CoinJoinMess,Coinomat.com,443795438,1
37686970,BTC-e.com,206647947,1
ePay.info_CoinJoinMess,Bleutrade.com,78239886087,15
Cryptsy.com,BTC-e.com,1646771039,17
Coin.mx,269,289557000,1
Loanbase.com,Cavirtex.com,222266860,1
70115478,73073877,126411789,1
8343,BTC-e.com,447187984,1
69644766,8343,87180314,2
MercadoBitcoin.com.br,0,23420000,1
Kraken.com,898,4623250096,3
74330515,Cryptsy.com,23203903269,1
Bitstamp.net,69121566,45135991794,4
ePay.info_CoinJoinMess,525,11996302547624,164
CoinTrader.net_LocalBitcoins.com,BitBargain.co.uk,1285622626,1
ePay.info_CoinJoinMess,60722,489644008,1
69173924,1200666,8462000,1
70953647,72497758,126094443,1
73962910,421,82497186,6
BTCJam.com,ePay.info_CoinJoinMess,79555422,3
Cryptsy.com,1294,68182231,1
Bitstamp.net,1514897,83576990209,2
ePay.info_CoinJoinMess,348,2265696462,7
10169632,860,2780208812,4
70796631,1182826,3788116497,3
3415,421,9490732,1
71946830,665871,19130000,1
72603304,70454760,16631724,1
69434689,BTC-e.com,13920348,1
FaucetBOX.com,73231663,16762364,1
72839276,73283221,109860800,2
2226,Bitstamp.net,452201108690,4
