,date,PriceUSD,HashRate
2190,2015-01-02,315.942731735827,333345.017260144
2191,2015-01-03,285.647309760374,327284.198764505
2192,2015-01-04,263.33457481005297,347486.927083302
2193,2015-01-05,275.003851548802,315162.561773228
2194,2015-01-06,287.549521040327,319203.107436987
2195,2015-01-07,297.535565166569,282838.196463153
2196,2015-01-08,284.342391876096,296980.106286311
2197,2015-01-09,292.501114552893,282838.196463153
2198,2015-01-10,276.230532144944,296980.106286311
2199,2015-01-11,268.755515488019,313142.28894134803
2200,2015-01-12,268.617232028054,291349.141441684
2201,2015-01-13,224.108117767388,277602.083462638
2202,2015-01-14,175.637640561075,316947.26064631896
2203,2015-01-15,212.34101139684398,330062.31970754603
2204,2015-01-16,207.59520485096402,303832.201585092
2205,2015-01-17,199.824836645237,301646.35840822104
2206,2015-01-18,211.132518410286,334434.006061289
2207,2015-01-19,216.89469491525398,314761.417469448
2208,2015-01-20,211.91985388661598,257929.494870797
2209,2015-01-21,227.904210403273,325690.633353804
2210,2015-01-22,233.647382817066,295088.828877607
2211,2015-01-23,233.13285242548199,271044.553932025
2212,2015-01-24,249.08212390415,275416.240285767
2213,2015-01-25,254.51794126242,273230.397108896
2214,2015-01-26,273.95224488603196,277602.083462638
2215,2015-01-27,264.753804500292,317507.026636064
2216,2015-01-28,235.735840444185,336476.45310999604
2217,2015-01-29,233.95737346580898,336476.45310999604
2218,2015-01-30,228.896189947399,283132.625177924
2219,2015-01-31,217.332156049094,340579.824489386
2220,2015-02-01,227.111301285798,318011.28190274
2221,2015-02-02,240.092419929866,326218.024661521
2222,2015-02-03,227.775695791935,260564.082591277
2223,2015-02-04,226.78113413208698,326218.024661521
2224,2015-02-05,217.011151081239,326218.024661521
2225,2015-02-06,222.724969316189,363148.36707603297
2226,2015-02-07,228.647127410871,326218.024661521
2227,2015-02-08,224.03598889538299,270822.511039753
2228,2015-02-09,220.76849386323798,340604.722619783
2229,2015-02-10,220.88815429573398,318224.262813905
2230,2015-02-11,219.495859731151,349162.732809701
2231,2015-02-12,222.583227936879,262976.994964268
2232,2015-02-13,236.555363822326,322644.044241876
2233,2015-02-14,257.627695791935,353582.51423767203
2234,2015-02-15,234.445803039158,309384.699957963
2235,2015-02-16,235.086126826417,346952.84209571604
2236,2015-02-17,243.905794272355,329273.716383832
2237,2015-02-18,235.995232320281,369051.74923557
2238,2015-02-19,241.872253945061,366841.858521585
2239,2015-02-20,245.53077527761502,349162.732809701
2240,2015-02-21,245.596002630041,313804.481385934
2241,2015-02-22,236.690668322618,334358.31113310397
2242,2015-02-23,239.06601782583303,329538.396656716
2243,2015-02-24,239.869262127411,299369.388512087
2244,2015-02-25,238.236111046172,368990.17653815396
2245,2015-02-26,237.04440239625902,348103.940130334
2246,2015-02-27,255.116774400935,352745.32599873794
2247,2015-02-28,254.948448568089,329538.396656716
2248,2015-03-01,260.651330800701,324897.010788311
2249,2015-03-02,276.322613676213,366669.483603951
2250,2015-03-03,282.705900935126,366669.483603951
2251,2015-03-04,273.447536528346,324897.010788311
2252,2015-03-05,276.268809175921,306331.467314693
2253,2015-03-06,273.31811484512,343462.554261929
2254,2015-03-07,276.403357393337,324897.010788311
2255,2015-03-08,275.338033898305,363358.067705216
2256,2015-03-09,290.130059029807,339499.66240379604
2257,2015-03-10,292.320383109293,358360.75475956296
2258,2015-03-11,296.693329339568,363076.02784850396
2259,2015-03-12,295.800344827586,308850.38732567604
2260,2015-03-13,285.911026300409,344214.93549273803
2261,2015-03-14,283.608306253653,308850.38732567604
2262,2015-03-15,287.27014202220903,337142.025859325
2263,2015-03-16,291.392118059614,327711.47968144197
2264,2015-03-17,285.248396551724,301777.477692263
2265,2015-03-18,257.28616014026903,360718.391304033
2266,2015-03-19,262.092947983635,322996.20659250004
2267,2015-03-20,262.96649210987704,320638.57004803
2268,2015-03-21,261.18429748685,356003.11821509205
2269,2015-03-22,268.89941583869097,334537.327428476
2270,2015-03-23,266.777992986558,336739.588444724
2271,2015-03-24,246.835082992402,401765.164144395
2272,2015-03-25,246.719136762127,376219.402262381
2273,2015-03-26,249.53299357101102,343706.61441254604
2274,2015-03-27,247.378898305085,397120.48016584705
2275,2015-03-28,253.23161396843997,343706.61441254604
2276,2015-03-29,242.967614260666,355318.324358916
2277,2015-03-30,248.336934541204,329772.562476902
2278,2015-03-31,244.712485680888,348351.29839109397
2279,2015-04-01,247.185819403857,306549.142584163
2280,2015-04-02,253.630070426651,385508.770219477
2281,2015-04-03,254.83316364699,339061.930433998
2282,2015-04-04,253.945848626534,355318.324358916
2283,2015-04-05,261.11213617767396,361069.996691013
2284,2015-04-06,256.36738690824103,309707.170078885
2285,2015-04-07,254.831898012858,373614.99882532103
2286,2015-04-08,245.82521040327302,307249.17666556
2287,2015-04-09,243.860636177674,326913.123972156
2288,2015-04-10,235.87190064289902,373614.99882532103
2289,2015-04-11,237.40906779661,344119.077865427
2290,2015-04-12,237.141042372881,314623.156905534
2291,2015-04-13,225.50563588544702,383446.97247861896
2292,2015-04-14,219.757236703682,366241.018585348
2293,2015-04-15,223.313907948568,299875.196425587
2294,2015-04-16,228.49381531268298,339203.091038779
2295,2015-04-17,222.78506019871398,309707.170078885
2296,2015-04-18,223.39804412624198,358867.038345374
2297,2015-04-19,223.284135300994,351846.074225004
2298,2015-04-20,224.894903565167,364477.035874265
2299,2015-04-21,234.939356516657,362110.301875082
2300,2015-04-22,233.822418760958,359743.567875898
2301,2015-04-23,235.933293687902,307675.41989386
2302,2015-04-24,231.45859234365898,293475.015898758
2303,2015-04-25,226.445992986558,385777.641866917
2304,2015-04-26,220.503406779661,340809.69588243
2305,2015-04-27,227.325990356517,324242.557888145
2306,2015-04-28,225.549368790181,362110.301875082
2307,2015-04-29,225.66928842782002,300575.217896309
2308,2015-04-30,236.32797603740502,317142.35589059396
2309,2015-05-01,232.74658270017503,350276.63187916396
2310,2015-05-02,235.540077147867,347909.89787998
2311,2015-05-03,240.464248977206,333776.412541361
2312,2015-05-04,238.976661309176,303150.868676707
2313,2015-05-05,236.02338340152,364728.388876663
2314,2015-05-06,229.481219300429,381306.952007421
2315,2015-05-07,237.13068731735802,333939.628776685
2316,2015-05-08,244.383472822911,355254.924230516
2317,2015-05-09,242.70595002922298,305519.234838243
2318,2015-05-10,240.731483927528,305519.234838243
2319,2015-05-11,242.24983722968997,374201.85352281
2320,2015-05-12,242.209092051432,355254.924230516
2321,2015-05-13,236.55026592635897,383675.318168957
2322,2015-05-14,236.948916715371,364728.388876663
2323,2015-05-15,237.48450233781398,348149.82574590604
2324,2015-05-16,235.812134424313,312624.33332285396
2325,2015-05-17,236.963682933957,410256.52785282396
2326,2015-05-18,232.88384961543,349377.602526406
2327,2015-05-19,231.97444681472803,315410.335614117
2328,2015-05-20,234.190306253653,351803.835877284
2329,2015-05-21,235.55382174167198,376066.169386062
2330,2015-05-22,240.323203682057,334820.202421139
2331,2015-05-23,238.963281706604,271738.135298316
2332,2015-05-24,240.711758328463,354230.06922816206
2333,2015-05-25,237.003543249562,342098.902473773
2334,2015-05-26,236.79626125073102,349377.602526406
2335,2015-05-27,237.203596434833,334820.202421139
2336,2015-05-28,236.956881940386,320262.802315872
2337,2015-05-29,236.646526592636,373639.936035185
2338,2015-05-30,232.78877001753398,329967.735719384
2339,2015-05-31,229.45054792518997,356781.94209336
2340,2015-06-01,223.282701928697,312271.26583099103
2341,2015-06-02,225.32080099357103,354853.71117158
2342,2015-06-03,225.213063413209,335928.17990909604
2343,2015-06-04,223.54007685564,333562.488501286
2344,2015-06-05,224.731071887785,326465.41427785397
2345,2015-06-06,225.160513150205,421093.070590275
2346,2015-06-07,223.411685856225,352488.01976377
2347,2015-06-08,228.774291350088,371413.55102625396
2348,2015-06-09,229.37052951490398,357219.402579391
2349,2015-06-10,228.588487434249,399801.847919981
2350,2015-06-11,229.584411747516,319368.340054422
2351,2015-06-12,229.811218510228,335928.17990909604
2352,2015-06-13,233.015344535359,376144.933841875
2353,2015-06-14,232.507108708358,361934.27671265794
2354,2015-06-15,236.7909628872,355711.957090776
2355,2015-06-16,251.43267679719503,291486.187060497
2356,2015-06-17,247.969317650497,390295.06403015705
2357,2015-06-18,249.01247954412602,385354.62018167396
2358,2015-06-19,244.80348421975498,363122.62286350003
2359,2015-06-20,245.582513150205,331009.737848361
2360,2015-06-21,244.300260081824,306307.51860594604
2361,2015-06-22,247.017892460549,377943.954408949
2362,2015-06-23,244.184763296318,345831.06939381
2363,2015-06-24,240.451545295149,385354.62018167396
2364,2015-06-25,242.347857685564,375473.73248470796
2365,2015-06-26,242.967997369959,380414.176333191
2366,2015-06-27,251.52932670952703,318658.62822715304
2367,2015-06-28,249.058285797779,346814.543816443
2368,2015-06-29,256.65022238457,343810.247546963
2369,2015-06-30,263.854356864991,356089.184959355
2370,2015-07-01,258.042647574518,331531.310134572
2371,2015-07-02,254.747113383986,378191.27230166
2372,2015-07-03,256.08704283343104,395381.78467900795
2373,2015-07-04,260.50923962595,373279.69733670296
2374,2015-07-05,271.302458211572,348721.82251192
2375,2015-07-06,269.137940093513,444497.53432857397
2376,2015-07-07,266.469919053185,329075.52265209303
2377,2015-07-08,270.57614289888903,395381.78467900795
2378,2015-07-09,269.680304792519,326619.735169615
2379,2015-07-10,285.558780829924,378191.27230166
2380,2015-07-11,293.917453828171,365703.823777367
2381,2015-07-12,311.481879894798,342767.691987456
2382,2015-07-13,292.649223845704,375774.95121587795
2383,2015-07-14,287.740951490357,365618.871453287
2384,2015-07-15,285.92288544710703,388470.05091911706
2385,2015-07-16,278.532749269433,340228.672046808
2386,2015-07-17,280.064724722385,373235.93127523
2387,2015-07-18,277.354635300994,378313.971156526
2388,2015-07-19,275.281989479836,385931.03097847
2389,2015-07-20,279.114393045003,396087.11074106104
2390,2015-07-21,276.652412624196,322455.53246227396
2391,2015-07-22,277.764369082408,391009.070859765
2392,2015-07-23,276.81162857977796,355462.79169069603
2393,2015-07-24,289.305976329632,429094.36996948294
2394,2015-07-25,289.507639976622,395370.72515724
2395,2015-07-26,293.314842781999,374222.682670225
2396,2015-07-27,294.426761835184,387216.52581849706
2397,2015-07-28,295.410125268849,353432.53363299
2398,2015-07-29,289.85583635301003,395012.83170746
2399,2015-07-30,288.236260666277,348234.996373682
2400,2015-07-31,284.597324371712,392414.063077805
2401,2015-08-01,281.66884628872003,402809.137596423
2402,2015-08-02,282.42300642898897,392414.063077805
2403,2015-08-03,282.185052308591,408006.674855731
2404,2015-08-04,285.286617475161,353432.53363299
2405,2015-08-05,282.338886908241,345636.227744027
2406,2015-08-06,278.99574868497996,371623.914040571
2407,2015-08-07,279.488715078901,356031.302262645
2408,2015-08-08,261.450275569842,420413.40498586296
2409,2015-08-09,266.342020455874,372000.719336283
2410,2015-08-10,264.92882524839297,437493.80372647295
2411,2015-08-11,271.421736119229,424395.186848435
2412,2015-08-12,268.143868497954,330085.145326561
2413,2015-08-13,264.691627995324,385099.336214321
2414,2015-08-14,266.355941554646,372000.719336283
2415,2015-08-15,261.936836645237,358902.102458245
2416,2015-08-16,258.930817389831,361521.82583385205
2417,2015-08-17,258.00939830508497,385099.336214321
2418,2015-08-18,217.88588311693698,369380.995960675
2419,2015-08-19,227.21825189947398,408676.846594789
2420,2015-08-20,235.523883109293,392958.506341144
2421,2015-08-21,232.80061783986,432254.356975258
2422,2015-08-22,230.639173290473,426143.652201538
2423,2015-08-23,228.673073933372,361412.970854469
2424,2015-08-24,211.955917592051,418052.31703315396
2425,2015-08-25,222.65503945061403,364110.082577264
2426,2015-08-26,226.116700175336,434234.98736992205
2427,2015-08-27,224.939877264757,369504.30602285295
2428,2015-08-28,232.17080829924,418052.31703315396
2429,2015-08-29,229.826200175336,431537.87564712705
2430,2015-08-30,229.019572472238,404566.75841918204
2431,2015-08-31,230.689466101695,423446.540478743
2432,2015-09-01,227.955570426651,415355.20531036
2433,2015-09-02,229.502180709527,431537.87564712705
2434,2015-09-03,227.107121566335,393778.311528004
2435,2015-09-04,231.177563413209,434444.79937206104
2436,2015-09-05,235.903006136762,416212.869138725
2437,2015-09-06,240.80547223845699,407718.72895222
2438,2015-09-07,240.6336157218,430369.769449566
2439,2015-09-08,244.174952659264,385067.688454875
2440,2015-09-09,238.722463179427,421875.62926306104
2441,2015-09-10,238.75047720631198,484165.990630761
2442,2015-09-11,240.845008116891,447358.049822575
2443,2015-09-12,236.351832176505,382236.30839270604
2444,2015-09-13,230.54883731735802,427538.38938739797
2445,2015-09-14,230.948793980129,430369.769449566
2446,2015-09-15,230.398590005845,453020.809946911
2447,2015-09-16,229.04328579777902,402055.968827884
2448,2015-09-17,233.202697837522,410910.027600594
2449,2015-09-18,233.175130917592,433587.717335429
2450,2015-09-19,232.241568088837,368697.038550535
2451,2015-09-20,231.362323787259,377545.76747574797
2452,2015-09-21,226.77344798363498,389344.072709365
2453,2015-09-22,230.626304792519,463083.48041947203
2454,2015-09-23,230.13243775569802,466033.056727876
2455,2015-09-24,234.319868497954,412940.683176599
2456,2015-09-25,235.538221800117,483730.51457830204
2457,2015-09-26,234.591814436002,433587.717335429
2458,2015-09-27,233.243309760374,439486.86995223706
2459,2015-09-28,240.017265341905,421789.412101812
2460,2015-09-29,237.336233781414,513226.277662345
2461,2015-09-30,236.739848042081,436537.29364383296
2462,2015-10-01,238.22981385154898,444776.382758561
2463,2015-10-02,237.93700730566897,417179.763438577
2464,2015-10-03,239.735897720631,438341.05578691
2465,2015-10-04,239.516924897721,462525.38989929104
2466,2015-10-05,240.961213833431,462525.38989929104
2467,2015-10-06,246.94049824663898,429271.93049476703
2468,2015-10-07,243.734486849795,402064.55461833795
2469,2015-10-08,243.029632963179,423225.84696667205
2470,2015-10-09,244.448887492694,380903.262270005
2471,2015-10-10,245.955924313267,483686.682247624
2472,2015-10-11,248.52816540035099,441364.097550958
2473,2015-10-12,246.093637346581,429271.93049476703
2474,2015-10-13,250.471300701344,414156.72167452896
2475,2015-10-14,253.142325540619,459502.348135244
2476,2015-10-15,254.69301500292198,502137.288713881
2477,2015-10-16,262.737363237873,435823.39882065705
2478,2015-10-17,271.930938924605,411610.987775065
2479,2015-10-18,263.481677381648,438849.950201356
2480,2015-10-19,264.362728229106,499380.977815336
2481,2015-10-20,270.832211864407,387398.57672947296
2482,2015-10-21,268.040217708942,435823.39882065705
2483,2015-10-22,275.41495645821203,447929.60434345296
2484,2015-10-23,278.612778026885,450956.15572415205
2485,2015-10-24,283.61114289889,438849.950201356
2486,2015-10-25,286.04969345412,469115.464008346
2487,2015-10-26,286.70338281706603,496354.42643463705
2488,2015-10-27,295.562913793104,444903.052962754
2489,2015-10-28,304.442097019287,420690.64191716205
2490,2015-10-29,314.879462302747,466068.00451432896
2491,2015-10-30,328.49232115721804,529187.24527939
2492,2015-10-31,314.119508182349,454915.35120508797
2493,2015-11-01,329.854227644652,473483.324723664
2494,2015-11-02,364.616627995324,473483.324723664
2495,2015-11-03,400.923105201637,479672.649229855
2496,2015-11-04,405.481681472823,479672.649229855
2497,2015-11-05,384.341222969024,451820.68895199295
2498,2015-11-06,372.97541788427804,448726.026698897
2499,2015-11-07,386.50455084745795,470388.662470568
2500,2015-11-08,372.400129748685,430158.05318032205
2501,2015-11-09,380.49564436002294,461104.67571128
2502,2015-11-10,337.830502337814,451820.68895199295
2503,2015-11-11,308.92218585622504,537055.796106772
2504,2015-11-12,337.522988603156,527006.857659411
2505,2015-11-13,337.278958211572,523733.523139787
2506,2015-11-14,333.04711747516103,464813.50178656
2507,2015-11-15,319.928021624781,523733.523139787
2508,2015-11-16,331.132725014611,566286.871894895
2509,2015-11-17,335.849786090006,487726.84342392604
2510,2015-11-18,335.744504967855,500820.18150242104
2511,2015-11-19,326.232145528931,445173.49466881796
2512,2015-11-20,321.94047545295103,546646.864777153
2513,2015-11-21,325.90523115137296,569560.206414519
2514,2015-11-22,323.716966101695,563013.537375271
2515,2015-11-23,323.012556341321,533553.526698658
2516,2015-11-24,319.96135652717703,560533.42415402
2517,2015-11-25,328.960457334892,535030.217025699
2518,2015-11-26,356.25529251899496,636252.149976506
2519,2015-11-27,359.268824371712,480804.18151633703
2520,2015-11-28,356.56732261835197,556720.631229443
2521,2015-11-29,371.707612507306,538645.2860596561
2522,2015-11-30,377.389839859731,585641.183501102
2523,2015-12-01,362.53237580362395,603716.528670889
2524,2015-12-02,359.22240414962005,582026.114467145
2525,2015-12-03,361.210068088837,513339.80282195396
2526,2015-12-04,363.241631794272,553105.562195486
2527,2015-12-05,389.362958796026,632637.0809425489
2528,2015-12-06,393.319129748685,577650.161239677
2529,2015-12-07,395.34658825248397,578033.500385697
2530,2015-12-08,413.79866043249604,688135.119506783
2531,2015-12-09,417.632671244886,660609.7147265121
2532,2015-12-10,415.72992431326696,849355.3475055159
2533,2015-12-11,453.86148012858,629152.109263344
2534,2015-12-12,435.85572238457,637016.510629136
2535,2015-12-13,434.403466393922,558372.496971217
2536,2015-12-14,442.99168965517305,766779.133164702
2537,2015-12-15,464.617871712449,719592.724969951
2538,2015-12-16,454.14249240210404,640948.7113120321
2539,2015-12-17,456.24013461133796,609491.105848864
2540,2015-12-18,463.175769725307,684510.337699163
2541,2015-12-19,461.39990794856794,729321.303625075
2542,2015-12-20,442.15399006429,766484.172599601
2543,2015-12-21,437.640129456458,692158.434650549
2544,2015-12-22,435.26837901811797,696803.793272365
2545,2015-12-23,442.66572706019895,729321.303625075
2546,2015-12-24,455.878713033314,641059.489810576
2547,2015-12-25,455.718825832846,752548.096734154
2548,2015-12-26,418.22153156049103,794356.3243304959
2549,2015-12-27,422.705894506137,952298.517472232
2550,2015-12-28,421.05287960257203,701449.151894181
2551,2015-12-29,431.340021332554,738612.020868707
2552,2015-12-30,426.043646990064,766484.172599601
2553,2015-12-31,429.67715341905296,702681.498032921
2554,2016-01-01,434.678006428989,697129.166405806
2555,2016-01-02,434.439877264757,748768.363917347
2556,2016-01-03,430.136180011689,748768.363917347
2557,2016-01-04,433.44897106955,934669.474958895
2558,2016-01-05,432.669502630041,810735.4009311959
2559,2016-01-06,430.677869666862,728112.6849127309
2560,2016-01-07,459.20894009351304,759096.203419655
2561,2016-01-08,454.134423728814,893358.116949662
2562,2016-01-09,449.845216247808,779751.882424272
2563,2016-01-10,448.580216247808,903685.95645197
2564,2016-01-11,449.03305902980696,877866.3576961991
2565,2016-01-12,441.768157218001,877866.3576961991
2566,2016-01-13,432.31064523670403,813710.1940145709
2567,2016-01-14,429.823224722385,749438.083305595
2568,2016-01-15,367.823199883109,687454.482430696
2569,2016-01-16,388.07120455873803,800151.938566876
2570,2016-01-17,382.482086499123,850865.793828157
2571,2016-01-18,384.86516656925795,974832.995577956
2572,2016-01-19,378.16172501461097,749438.083305595
2573,2016-01-20,420.622924168323,856500.6666349659
2574,2016-01-21,409.298459672706,771977.574532831
2575,2016-01-22,381.04645938047895,991737.6139983841
2576,2016-01-23,386.370602571596,1008642.23241881
2577,2016-01-24,403.446926651081,963563.2499643379
2578,2016-01-25,391.98609731151396,912849.394703057
2579,2016-01-26,391.14293512565695,928141.002810171
2580,2016-01-27,394.62753037404997,924867.907889316
2581,2016-01-28,378.90099561659895,871165.9003344509
2582,2016-01-29,378.99999482291,1008404.36408577
2583,2016-01-30,377.262779076564,1115808.3791955
2584,2016-01-31,366.34168760958505,1080007.04082559
2585,2016-02-01,371.22343509059,960669.246259225
2586,2016-02-02,372.927631209819,1074040.15109727
2587,2016-02-03,368.098206604325,1068073.26136895
2588,2016-02-04,389.72308123904196,1002437.47435745
2589,2016-02-05,384.398413983051,1121775.26892382
2590,2016-02-06,374.63155552308604,1193377.94566364
2591,2016-02-07,375.153917592051,1234537.96602865
2592,2016-02-08,370.814350327294,1060281.98712231
2593,2016-02-09,373.51161286089996,1260875.87657788
2594,2016-02-10,379.082611630625,1174907.06681121
2595,2016-02-11,377.639165108124,1375500.95626678
2596,2016-02-12,382.294456458212,1225055.5391751002
2597,2016-02-13,389.598432472238,1117594.52696676
2598,2016-02-14,406.150669491525,1189235.20177232
2599,2016-02-15,399.26761864699,1088938.25704454
2600,2016-02-16,407.035309468147,988641.312316752
2601,2016-02-17,415.324113383986,1110430.45948621
2602,2016-02-18,421.28966298188203,1210727.40421399
2603,2016-02-19,419.626528541204,1106210.05838203
2604,2016-02-20,440.195760081823,1219082.13715781
2605,2016-02-21,438.718612681473,1040283.423708
2606,2016-02-22,437.53529509409697,1032156.20946028
2607,2016-02-23,420.03259260958504,1105301.13768975
2608,2016-02-24,423.995112507306,959011.28123081
2609,2016-02-25,424.090870251315,1259718.20839641
2610,2016-02-26,431.76224196376404,1137809.99468062
2611,2016-02-27,432.947845996493,1194700.49441466
2612,2016-02-28,433.102262711864,1089046.70919431
2613,2016-02-29,437.77587258912905,1080919.49494659
2614,2016-03-01,432.807867153711,1145937.20892834
2615,2016-03-02,423.079789392168,1275972.63689184
2616,2016-03-03,419.268821332554,1097173.92344203
2617,2016-03-04,407.99015429573404,1257200.65607867
2618,2016-03-05,397.314453945061,1181318.8523918001
2619,2016-03-06,403.705187463472,1165567.93435991
2620,2016-03-07,413.22936616014,1047436.04912073
2621,2016-03-08,411.42595324371695,1212820.68845558
2622,2016-03-09,412.54070350672094,1323077.11467881
2623,2016-03-10,416.340928696669,1220696.14747152
2624,2016-03-11,419.51193424897696,1260073.44255125
2625,2016-03-12,410.264163296318,1134066.09829613
2626,2016-03-13,411.80588246639394,1047436.04912073
2627,2016-03-14,415.026957276446,1197069.77042369
2628,2016-03-15,415.26640029222705,1267948.9015672
2629,2016-03-16,417.024118468732,1197069.77042369
2630,2016-03-17,418.60536382232596,1110439.72124829
2631,2016-03-18,408.901587405026,1099528.52189976
2632,2016-03-19,409.124429865576,1118857.35233453
2633,2016-03-20,412.056953828171,1201126.2753003
2634,2016-03-21,411.601774050263,1143538.02922426
2635,2016-03-22,416.581653828171,1217580.05989345
2636,2016-03-23,417.378299532437,1225806.95219003
2637,2016-03-24,413.56023991817705,1209353.16759688
2638,2016-03-25,416.37324383401494,1201126.2753003
2639,2016-03-26,416.82309666861505,1258714.52137634
2640,2016-03-27,425.454959848042,1159991.81381741
2641,2016-03-28,422.917446814728,1398571.69041816
2642,2016-03-29,415.86382875511396,1291622.09056265
2643,2016-03-30,412.777697779076,1209353.16759688
2644,2016-03-31,415.956811221508,1020134.6447756
2645,2016-04-01,417.20066025716005,1266862.83281171
2646,2016-04-02,419.76305669199303,1152898.4861623999
2647,2016-04-03,420.07357890122705,1177781.1873026001
2648,2016-04-04,419.540727878434,1376842.79642417
2649,2016-04-05,422.50136440678,1285606.22557678
2650,2016-04-06,421.907191233197,1302194.69300358
2651,2016-04-07,421.467220046756,1152898.4861623999
2652,2016-04-08,418.64346054938596,1194369.6547293998
2653,2016-04-09,418.758635359439,1343665.86157057
2654,2016-04-10,421.954488544711,1434902.43241796
2655,2016-04-11,423.27304400935094,1269017.75814998
2656,2016-04-12,427.427664582116,1227546.58958299
2657,2016-04-13,424.87251811806,1360254.32899737
2658,2016-04-14,425.85659497370006,1425512.68730726
2659,2016-04-15,430.724418760959,1234618.41233425
2660,2016-04-16,432.21631303331395,1225736.26548292
2661,2016-04-17,429.339968731736,1403379.20250943
2662,2016-04-18,429.656933664524,1190207.67807762
2663,2016-04-19,437.568726183518,1332322.02769883
2664,2016-04-20,442.661653302163,1465554.23046871
2665,2016-04-21,452.164702805377,1341204.17455015
2666,2016-04-22,448.13442133255404,1270146.99973955
2667,2016-04-23,453.91472296902396,1279029.14659088
2668,2016-04-24,463.382871420222,1172443.38437497
2669,2016-04-25,465.31600666277,1128032.65011834
2670,2016-04-26,469.60876452367006,1341204.17455015
2671,2016-04-27,445.741113091759,1145796.94382099
2672,2016-04-28,451.06006177673896,1199003.65014719
2673,2016-04-29,457.00996522501504,1403229.58036089
2674,2016-04-30,449.90048451198095,1296655.18185247
2675,2016-05-01,455.010731151374,1376585.98073378
2676,2016-05-02,444.933061192285,1394348.38048519
2677,2016-05-03,451.628850379895,1341061.18123098
2678,2016-05-04,448.367967562829,1483160.37924221
2679,2016-05-05,449.336072472238,1376585.98073378
2680,2016-05-06,461.69386236119203,1438754.3798637
2681,2016-05-07,461.361842489772,1332179.98135528
2682,2016-05-08,461.378872296902,1492041.57911791
2683,2016-05-09,463.46223167738196,1518685.17874501
2684,2016-05-10,451.07966832261803,1403229.58036089
2685,2016-05-11,453.896305260082,1263377.10291735
2686,2016-05-12,455.607255932203,1342247.86954719
2687,2016-05-13,457.24190268848605,1467781.84295808
2688,2016-05-14,458.11952483927496,1390530.16701292
2689,2016-05-15,460.85772063120993,1342247.86954719
2690,2016-05-16,455.22407732320295,1361560.78853348
2691,2016-05-17,453.545777030976,1361560.78853348
2692,2016-05-18,454.486184102864,1477438.30245123
2693,2016-05-19,437.724187142022,1158775.13917743
2694,2016-05-20,442.396799240211,1438812.46447864
2695,2016-05-21,444.078207188778,1361560.78853348
2696,2016-05-22,440.558668848627,1776788.54673873
2697,2016-05-23,444.205057276447,1738162.70876615
2698,2016-05-24,445.674454938632,1424527.48797779
2699,2016-05-25,450.54952717709006,1367284.21320355
2700,2016-05-26,454.43372238457,1337560.6433513002
2701,2016-05-27,471.820117299825,1377192.06982096
2702,2016-05-28,530.910597895967,1317744.93011646
2703,2016-05-29,527.54971244886,1456454.9227603
2704,2016-05-30,533.493149035652,1426731.35290805
2705,2016-05-31,530.943692811221,1258297.79041196
2706,2016-06-01,537.613678842782,1416823.49629063
2707,2016-06-02,538.771243191116,1367284.21320355
2708,2016-06-03,570.175988252484,1406915.63967322
2709,2016-06-04,574.26620163647,1179034.93747262
2710,2016-06-05,575.1376380479251,1684335.62496089
2711,2016-06-06,585.857149035652,1684335.62496089
2712,2016-06-07,578.469240677966,1387099.92643838
2713,2016-06-08,583.097585330216,1405239.8337768
2714,2016-06-09,577.1016997077729,1608133.9309215
2715,2016-06-10,579.814993571011,1403462.33971331
2716,2016-06-11,605.4495569842201,1520417.53468942
2717,2016-06-12,670.39237434249,1422954.87220933
2718,2016-06-13,704.321778141438,1569148.86592946
2719,2016-06-14,684.948319403857,1286507.1447371999
2720,2016-06-15,695.0014684395089,1481432.46969738
2721,2016-06-16,767.420031268264,1452193.67095336
2722,2016-06-17,750.014633927528,1452193.67095336
2723,2016-06-18,758.28878012858,1539910.06718544
2724,2016-06-19,766.767132670952,1725089.12589761
2725,2016-06-20,722.497452367037,1598387.66467349
2726,2016-06-21,669.604204675628,1531412.7730782
2727,2016-06-22,594.832974634716,1343144.51552347
2728,2016-06-23,627.677855639977,1457676.21839756
2729,2016-06-24,664.126985680889,1343144.51552347
2730,2016-06-25,668.872684102864,1686739.62414575
2731,2016-06-26,630.4342421391001,1520148.05632888
2732,2016-06-27,652.244807714787,1530560.02931744
2733,2016-06-28,647.218768381064,1540972.00230599
2734,2016-06-29,638.586345645821,1520148.05632888
2735,2016-06-30,674.284814728229,1561795.9482831
2736,2016-07-01,677.512385739334,1613855.81322587
2737,2016-07-02,702.739316773817,1551383.97529455
2738,2016-07-03,662.55008591467,1603443.84023732
2739,2016-07-04,679.842453360608,1573973.22742671
2740,2016-07-05,668.1659812974871,1538177.12694953
2741,2016-07-06,677.651333138515,1485136.53636507
2742,2016-07-07,640.0532361192289,1453312.18201439
2743,2016-07-08,665.051708357685,1538177.12694953
2744,2016-07-09,651.941914026885,1580609.59941711
2745,2016-07-10,649.959340970193,1654866.42623536
2746,2016-07-11,650.272594681473,1516960.89071575
2747,2016-07-12,670.023127995324,1516960.89071575
2748,2016-07-13,658.333613383986,1368447.23707924
2749,2016-07-14,660.905960198714,1495744.65448196
2750,2016-07-15,666.758671127995,1432095.9457806002
2751,2016-07-16,665.275622150789,1665474.54435225
2752,2016-07-17,681.089601987142,1580609.59941711
2753,2016-07-18,675.118579193454,1570047.99807086
2754,2016-07-19,674.660360315605,1358434.53362668
2755,2016-07-20,667.305364874343,1591915.46909377
2756,2016-07-21,666.851739333723,1411498.38259648
2757,2016-07-22,650.562911630625,1369047.30342064
2758,2016-07-23,657.377942957335,1390272.84300856
2759,2016-07-24,661.393979836353,1315983.45445085
2760,2016-07-25,655.1195778492109,1390272.84300856
2761,2016-07-26,654.6263391583869,1369047.30342064
2762,2016-07-27,656.275146873174,1358434.53362668
2763,2016-07-28,656.196453360608,1443336.69197835
2764,2016-07-29,657.557567504383,1560077.15971189
2765,2016-07-30,655.361730157803,1262919.60548106
2766,2016-07-31,624.804487142022,1634366.5482696001
2767,2016-08-01,606.50924792519,1623753.77847564
2768,2016-08-02,526.981148334307,1611302.39442715
2769,2016-08-03,570.347040911748,1666003.54735094
2770,2016-08-04,583.542158036236,1535533.39002827
2771,2016-08-05,581.2798056691989,1696112.04519463
2772,2016-08-06,590.795402980713,1666003.54735094
2773,2016-08-07,594.7323240210401,1485352.56028879
2774,2016-08-08,591.629283869083,1485352.56028879
2775,2016-08-09,587.9321382232611,1244484.57753925
2776,2016-08-10,589.968758328463,1515461.05813248
2777,2016-08-11,589.5858846873169,1505424.89218458
2778,2016-08-12,587.1916495616599,1495388.72623668
2779,2016-08-13,585.3635816481591,1635895.04950725
2780,2016-08-14,571.387062536528,1635895.04950725
2781,2016-08-15,566.5644413208651,1480672.78660971
2782,2016-08-16,578.4149241379309,1458782.17092898
2783,2016-08-17,573.663744418469,1329112.64462418
2784,2016-08-18,573.263191992987,1664092.25424491
2785,2016-08-19,573.958457919345,1664092.25424491
2786,2016-08-20,581.797070134424,1674898.04810365
2787,2016-08-21,580.79219257744,1761344.39897351
2788,2016-08-22,584.971897720631,1707315.42967985
2789,2016-08-23,582.627747399182,1588451.69723378
2790,2016-08-24,578.701831677382,1642480.66652745
2791,2016-08-25,576.033436586791,1404753.20163532
2792,2016-08-26,578.874653419053,1426364.78935278
2793,2016-08-27,570.200993746347,1556034.31565758
2794,2016-08-28,575.105232554062,1642480.66652745
2795,2016-08-29,573.429267562829,1618801.46201982
2796,2016-08-30,575.695698421976,1799709.0589716
2797,2016-08-31,572.2727583284629,1470493.9872084998
2798,2016-09-01,572.221702045587,1536337.00156112
2799,2016-09-02,576.846767387493,1678996.8659918
2800,2016-09-03,600.3744067796611,1382703.30140501
2801,2016-09-04,610.538913325541,1964316.59485315
2802,2016-09-05,607.526964172998,1536337.00156112
2803,2016-09-06,612.995458270017,1492441.65865938
2804,2016-09-07,615.659819111631,1668023.03026636
2805,2016-09-08,630.550172004676,1580232.34446287
2806,2016-09-09,622.977884044418,1558284.673012
2807,2016-09-10,624.752640444185,1700944.53744267
2808,2016-09-11,608.246675920514,1799709.0589716
2809,2016-09-12,607.70737270602,1821039.51020144
2810,2016-09-13,608.694296317943,1852325.13960032
2811,2016-09-14,609.41308766803,1751289.22289484
2812,2016-09-15,607.070262594974,1728836.7969603
2813,2016-09-16,607.806438047925,1560443.60245118
2814,2016-09-17,607.381449678551,1829872.71366577
2815,2016-09-18,611.533460315605,1627800.88025482
2816,2016-09-19,608.871306312098,1493086.32464753
2817,2016-09-20,608.371748626534,1695158.15805847
2818,2016-09-21,596.945756633548,1863551.35256759
2819,2016-09-22,595.564716540035,1582896.02838572
2820,2016-09-23,602.378784921099,1526764.96354935
2821,2016-09-24,602.687359731151,1863551.35256759
2822,2016-09-25,600.610054880187,2162558.09313961
2823,2016-09-26,606.778810637055,1834694.78231133
2824,2016-09-27,605.151613734658,2002575.3506273997
2825,2016-09-28,604.686494389246,1774737.43648416
2826,2016-09-29,605.2025619520749,1714780.09065699
2827,2016-09-30,608.865840736412,1702788.62149156
2828,2016-10-01,615.408478842782,1882660.65897306
2829,2016-10-02,611.748578316774,1690797.15232613
2830,2016-10-03,612.590347399182,1810711.84398046
2831,2016-10-04,610.007881355932,1894652.1281384998
2832,2016-10-05,612.147780946815,2002575.3506273997
2833,2016-10-06,611.7608627703099,1930626.5356347999
2834,2016-10-07,617.905705143191,1714780.09065699
2835,2016-10-08,619.301001753361,2109095.85982046
2836,2016-10-09,617.101041320865,2056197.68457302
2837,2016-10-10,618.0852,1593553.20554409
2838,2016-10-11,642.981387258913,1786321.73847281
2839,2016-10-12,636.5979322033901,1850577.91611572
2840,2016-10-13,635.444095324372,1644958.14765842
2841,2016-10-14,639.586090298071,1747768.03188707
2842,2016-10-15,637.283759322034,1824875.44505855
2843,2016-10-16,642.913042548217,1670660.61871558
2844,2016-10-17,639.137536469901,1606404.44107267
2845,2016-10-18,635.576508591467,1991941.50693011
2846,2016-10-19,629.640708036236,1606404.44107267
2847,2016-10-20,628.5989011104621,1722065.5608299
2848,2016-10-21,630.90620338983,2107602.62668734
2849,2016-10-22,654.508630976037,1906300.95008226
2850,2016-10-23,651.961956750438,1815470.1249901
2851,2016-10-24,650.027167153711,1802862.69356655
2852,2016-10-25,655.792505084746,1752432.96787238
2853,2016-10-26,675.109869316189,1739825.53644884
2854,2016-10-27,686.523327060199,2042403.89061386
2855,2016-10-28,690.390654938632,1916329.57637844
2856,2016-10-29,715.445469316189,1878507.28210781
2857,2016-10-30,699.333410987726,2118048.47915512
2858,2016-10-31,698.897727995325,1853292.41926072
2859,2016-11-01,730.578480011689,1815470.1249901
2860,2016-11-02,740.3670555230859,1676788.37933113
2861,2016-11-03,689.939206954997,1954151.87064906
2862,2016-11-04,705.432016656926,1462462.04513091
2863,2016-11-05,706.819325569842,1856081.59672813
2864,2016-11-06,715.896879777908,1936557.43909685
2865,2016-11-07,706.1812167738161,1847956.77194863
2866,2016-11-08,711.835846580947,2139073.24972136
2867,2016-11-09,721.50150993571,1860614.01011266
2868,2016-11-10,713.4076156049091,2126416.01155733
2869,2016-11-11,715.7033106370551,2063129.82073717
2870,2016-11-12,703.847551139685,2126416.01155733
2871,2016-11-13,703.626435300994,1797327.8192925
2872,2016-11-14,705.643584161309,2177044.96421346
2873,2016-11-15,712.3471528346,1974529.15358895
2874,2016-11-16,742.0501175920509,2164387.72604942
2875,2016-11-17,735.318080537697,2012500.86808104
2876,2016-11-18,749.5787272939799,2011089.71225163
2877,2016-11-19,751.213819403858,1989192.7397281998
2878,2016-11-20,730.350813617767,1793075.14567049
2879,2016-11-21,736.506983927528,1947167.54100154
2880,2016-11-22,747.997677966102,1877125.54312379
2881,2016-11-23,741.240317942724,2059234.73760595
2882,2016-11-24,737.3549759789599,2269360.73123921
2883,2016-11-25,739.685200175336,2129276.7354837
2884,2016-11-26,734.6529258912919,2143285.13505925
2885,2016-11-27,727.7411158386909,2017209.5388793
2886,2016-11-28,730.0824837521919,2297377.53039031
2887,2016-11-29,731.646435710111,2087251.53675705
2888,2016-11-30,742.20445131502,1989192.7397281998
2889,2016-12-01,753.674910111046,2045226.3380304
2890,2016-12-02,772.302382729398,2035532.46509142
2891,2016-12-03,766.110468147283,2451895.01734189
2892,2016-12-04,766.380139099942,2109770.13120116
2893,2016-12-05,752.670726241964,2166790.94555795
2894,2016-12-06,759.1173257744009,2138280.53837956
2895,2016-12-07,764.987650087668,2480405.42452028
2896,2016-12-08,767.6592246347169,2238066.96350393
2897,2016-12-09,771.9023210987731,1924452.4845416
2898,2016-12-10,775.474561309176,1881686.87377401
2899,2016-12-11,770.4961504967861,2665723.07117984
2900,2016-12-12,778.506599064874,2223811.75991474
2901,2016-12-13,778.930694564582,2537426.23887707
2902,2016-12-14,776.963961484512,1981473.29889839
2903,2016-12-15,776.1767819988311,1952251.49677579
2904,2016-12-16,782.230215897136,2050571.62856036
2905,2016-12-17,789.6029322033901,2220167.77829091
2906,2016-12-18,790.632966526008,2173914.28290985
2907,2016-12-19,790.279031677382,2328092.60084672
2908,2016-12-20,799.7775207481011,2127660.78752879
2909,2016-12-21,828.4836792519001,2451435.25519621
2910,2016-12-22,858.50143395675,2451435.25519621
2911,2016-12-23,915.562438340152,2343510.4326404
2912,2016-12-24,891.1552720631211,2112242.9557351
2913,2016-12-25,896.003279310345,2543942.24595833
2914,2016-12-26,903.2012466393919,2189332.11470354
2915,2016-12-27,925.950810461719,2405181.75981515
2916,2016-12-28,979.9609739918179,2546127.99373219
2917,2016-12-29,973.462559438925,2368856.40597071
2918,2016-12-30,961.182658153127,2479403.03824934
2919,2016-12-31,968.970597019287,2337271.6538911
2920,2017-01-01,997.257357977791,2463610.66220954
2921,2017-01-02,1017.0778860900099,2510987.79032895
2922,2017-01-03,1032.6090531852699,2589949.67052797
2923,2017-01-04,1134.4964453535902,2416233.53409012
2924,2017-01-05,1000.49812893045,2210932.64557266
2925,2017-01-06,892.4639556399769,2542572.54240856
2926,2017-01-07,903.4532836353011,2179347.89349305
2927,2017-01-08,912.4849970777319,2637326.79864739
2928,2017-01-09,903.508666803039,2147763.14141344
2929,2017-01-10,906.4989473991819,2545880.37552233
2930,2017-01-11,788.3146559906489,2562350.1341150003
2931,2017-01-12,807.109833547633,2880550.47756719
2932,2017-01-13,826.746927410871,2512107.97462255
2933,2017-01-14,820.045157276447,2880550.47756719
2934,2017-01-15,824.547065166569,2796813.54507977
2935,2017-01-16,830.8380350672121,2830308.31807474
2936,2017-01-17,906.026828112215,2646087.06660242
2937,2017-01-18,881.259815371128,2512107.97462255
2938,2017-01-19,902.263869959088,2914045.25056216
2939,2017-01-20,895.174516189363,3165256.04802441
2940,2017-01-21,924.46825949737,3031276.95604454
2941,2017-01-22,922.467077381648,2950275.25252868
2942,2017-01-23,919.115744126242,2695734.74214349
2943,2017-01-24,887.743193804792,2910612.14912595
2944,2017-01-25,895.6900332554061,2910612.14912595
2945,2017-01-26,916.6674685564,3027818.00748001
2946,2017-01-27,920.4544634716541,3320832.65336517
2947,2017-01-28,922.774948568089,2969215.07830298
2948,2017-01-29,915.6320231443599,3262229.72418814
2949,2017-01-30,920.3132607831681,2812940.60049756
2950,2017-01-31,968.499105669199,2832474.91022324
2951,2017-02-01,987.532590414962,3750587.46733008
2952,2017-02-02,1007.7043659848,3066886.62693136
2953,2017-02-03,1015.3020394506099,2910612.14912595
2954,2017-02-04,1033.78597299825,2824555.82436805
2955,2017-02-05,1014.56787574518,3336807.82080876
2956,2017-02-06,1023.3174811806,2623276.58868614
2957,2017-02-07,1053.62445902981,3168918.11913285
2958,2017-02-08,1052.36764535359,3063987.05558541
2959,2017-02-09,982.751939450614,3546669.94790366
2960,2017-02-10,996.6501531268269,3084973.26829489
2961,2017-02-11,1011.37532220923,2917083.56661898
2962,2017-02-12,1006.29646487434,2938069.77932847
2963,2017-02-13,999.953184979545,3420752.67164672
2964,2017-02-14,1012.2134635301,3546669.94790366
2965,2017-02-15,1013.90384050263,2917083.56661898
2966,2017-02-16,1036.80686475745,3168918.11913285
2967,2017-02-17,1058.66992033898,3168918.11913285
2968,2017-02-18,1060.66880488019,3254025.02653876
2969,2017-02-19,1058.78640035067,2936112.56385841
2970,2017-02-20,1088.68842922268,3242870.59291824
2971,2017-02-21,1128.8552931618901,3023757.71501836
2972,2017-02-22,1129.7017906487401,3023757.71501836
2973,2017-02-23,1188.86178550555,3286693.16849821
2974,2017-02-24,1185.4888915838699,3571539.90976806
2975,2017-02-25,1151.60473687902,3659185.06092801
2976,2017-02-26,1181.7108658679101,3900209.22661788
2977,2017-02-27,1194.15245014611,3155225.44175829
2978,2017-02-28,1188.39994073641,3352427.03186818
2979,2017-03-01,1228.4596506136802,3155225.44175829
2980,2017-03-02,1262.93146738749,3440072.18302813
2981,2017-03-03,1289.36319111631,3349345.38703688
2982,2017-03-04,1268.9406644067801,3023455.91166441
2983,2017-03-05,1276.27368293396,3367030.44708082
2984,2017-03-06,1282.25465663355,3252505.60194202
2985,2017-03-07,1234.4764620689698,3504460.26124739
2986,2017-03-08,1152.13938924606,3252505.60194202
2987,2017-03-09,1193.4555265926401,3389935.41610858
2988,2017-03-10,1098.53014903565,3573175.16833067
2989,2017-03-11,1176.8229213910001,3412840.38513634
2990,2017-03-12,1231.74835663355,3550270.19930291
2991,2017-03-13,1239.3962963179401,3321220.5090253
2992,2017-03-14,1246.53656487434,3573175.16833067
2993,2017-03-15,1258.65138147282,3252505.60194202
2994,2017-03-16,1178.02075037989,3504460.26124739
2995,2017-03-17,1072.0825381648199,3600869.26330221
2996,2017-03-18,962.569056165985,3712647.13922961
2997,2017-03-19,1020.2202535359401,3901826.61129226
2998,2017-03-20,1037.7563458796,3216051.02506514
2999,2017-03-21,1111.81826358854,3357935.62911213
3000,2017-03-22,1037.30257013442,3759942.00724527
3001,2017-03-23,1028.17285628288,3499820.23315912
3002,2017-03-24,935.063496201052,4161948.38537841
3003,2017-03-25,968.5433292811219,3145108.72304164
3004,2017-03-26,962.9580545879599,3925474.04530009
3005,2017-03-27,1042.9191977790802,3121461.28903381
3006,2017-03-28,1045.1629316189399,3665352.27121395
3007,2017-03-29,1039.6886157802498,3263345.8930808
3008,2017-03-30,1037.98766142607,3942417.72740472
3009,2017-03-31,1081.7435310929302,3352999.96635802
3010,2017-04-01,1089.5247718293401,3278488.85599451
3011,2017-04-02,1105.56295575687,3924251.81247828
3012,2017-04-03,1144.6647710111,4371318.47465935
3013,2017-04-04,1141.9219187025099,3104629.59847965
3014,2017-04-05,1135.81164377557,4023599.95962963
3015,2017-04-06,1194.59645938048,3651044.40781207
3016,2017-04-07,1191.73145108124,4023599.95962963
3017,2017-04-08,1184.4177203389802,3402674.03993369
3018,2017-04-09,1213.63413980129,3949088.84926612
3019,2017-04-10,1211.64987621274,3651044.40781207
3020,2017-04-11,1229.78493290473,4147785.14356882
3021,2017-04-12,1216.11436785506,3526859.22387288
3022,2017-04-13,1172.5583396844,3274289.42119579
3023,2017-04-14,1174.33323354763,3598646.52693503
3024,2017-04-15,1175.56218901227,3883431.50388672
3025,2017-04-16,1173.6913798947999,3779873.33044974
3026,2017-04-17,1191.90120146113,3572756.98357579
3027,2017-04-18,1202.13145803624,3779873.33044974
3028,2017-04-19,1209.56090888369,3702204.70037201
3029,2017-04-20,1235.80307451783,3572756.98357579
3030,2017-04-21,1247.3360702513198,4323553.74099389
3031,2017-04-22,1243.55039257744,3753983.7870905
3032,2017-04-23,1250.0014832261802,3961100.13396446
3033,2017-04-24,1257.23944225599,3210303.37654636
3034,2017-04-25,1279.86471741672,3831652.41716823
3035,2017-04-26,1296.4854574517801,3961100.13396446
3036,2017-04-27,1345.8899556692,3813586.2247299
3037,2017-04-28,1347.98515552309,3528859.19852578
3038,2017-04-29,1357.71525341905,4488916.48047764
3039,2017-04-30,1381.9563722969,3918071.61012788
3040,2017-05-01,1436.9414880187,3892124.11602107
3041,2017-05-02,1463.8190684687302,4099704.06887553
3042,2017-05-03,1519.4089444769102,3425069.22209855
3043,2017-05-04,1539.8300515488002,4359179.009943601
3044,2017-05-05,1529.85044301578,3347226.73977813
3045,2017-05-06,1573.28550961426,4359179.009943601
3046,2017-05-07,1526.26777171245,4333231.5158367995
3047,2017-05-08,1685.0864963179401,4670548.93922529
3048,2017-05-09,1719.22801355932,4021861.58655511
3049,2017-05-10,1782.499,4093329.66292194
3050,2017-05-11,1835.48754821742,3757901.04949698
3051,2017-05-12,1704.6616410870802,4286790.8268336
3052,2017-05-13,1779.8402566919897,4398136.04311499
3053,2017-05-14,1794.5935505552302,4565153.86753708
3054,2017-05-15,1736.88284611338,4732171.69195917
3055,2017-05-16,1757.02694856809,3674392.13728594
3056,2017-05-17,1808.74606469901,4314627.13090395
3057,2017-05-18,1894.2472645528896,3952755.17798942
3058,2017-05-19,1967.5455476914103,4565153.86753708
3059,2017-05-20,2048.11767799532,4592990.17160743
3060,2017-05-21,2045.22249316189,4091936.69834116
3061,2017-05-22,2078.94350002922,4064100.39427081
3062,2017-05-23,2257.28836382233,4887381.02634698
3063,2017-05-24,2415.00722665108,4562009.63318436
3064,2017-05-25,2319.60137866745,4828620.58577306
3065,2017-05-26,2279.4185836353,4532386.19400784
3066,2017-05-27,2044.30049982466,4976737.78165567
3067,2017-05-28,2225.7008666276997,4887867.46412611
3068,2017-05-29,2284.71579748685,4473139.315654799
3069,2017-05-30,2167.2644779076604,5302595.61259742
3070,2017-05-31,2299.43261025716,4858244.02494958
3071,2017-06-01,2399.88763194039,5035984.66000872
3072,2017-06-02,2479.4238943308,4325022.11977219
3073,2017-06-03,2549.55195151958,5687700.3218922
3074,2017-06-04,2524.99383354763,5049391.51326877
3075,2017-06-05,2685.31891671537,5533581.08611424
3076,2017-06-06,2871.34167735243,5094943.56099544
3077,2017-06-07,2706.76000885447,5567322.43420031
3078,2017-06-08,2802.56354681473,5567322.43420031
3079,2017-06-09,2804.8722669199296,5094943.56099544
3080,2017-06-10,2916.3278597896,4757530.08013481
3081,2017-06-11,2974.2145592051397,4926236.82056512
3082,2017-06-12,2665.43326995909,4959978.16865119
3083,2017-06-13,2707.1378240210397,4757530.08013481
3084,2017-06-14,2443.82445137347,4723788.73204875
3085,2017-06-15,2409.886764173,5162426.25716756
3086,2017-06-16,2476.3590953828198,4993719.51673725
3087,2017-06-17,2652.75536335476,4907231.27624732
3088,2017-06-18,2508.2142074225603,5129905.64430105
3089,2017-06-19,2589.6422133839897,5342177.60199627
3090,2017-06-20,2733.2265562828798,4882255.02698997
3091,2017-06-21,2639.2613142022196,4953012.34622171
3092,2017-06-22,2686.64751431911,4917633.68660584
3093,2017-06-23,2685.87047101111,5660585.53853909
3094,2017-06-24,2562.18914874342,5165284.30391692
3095,2017-06-25,2497.7289413793105,4316196.47313606
3096,2017-06-26,2426.36505119813,5023769.66545344
3097,2017-06-27,2530.34553600234,4634604.40967888
3098,2017-06-28,2562.79226420222,5554449.55969148
3099,2017-06-29,2540.44303161894,4245439.15390432
3100,2017-06-30,2452.71206428989,5448313.58084387
