,count,value,sum_fee,mean_nb_inputs,mean_nb_outputs,nb_mining,sum_mining
2016-01-01,123839,96720415767937,1975406034.0,2.6219526966464524,2.895985917198944,133,334483997008
2016-01-02,145213,103378959233130,3074045983.0,2.8637105493309827,3.0796622891889847,143,360574045983
2016-01-03,146318,92718223056829,2470060301.0,2.730142566191446,3.3408534835085226,151,379970060301
2016-01-04,178512,108136539503589,3032928255.0,2.7476080039437125,2.7182766424666127,178,448032928255
2016-01-05,183397,139694523234419,3241973233.0,2.7398921465454724,2.701723583264721,155,390750487783
2016-01-06,173445,136678181670476,3026093999.0,2.665997866758915,2.6465565453025457,147,370526093999
2016-01-07,188281,162189930891997,3696291551.0,2.538307104806114,2.724390671390103,140,353696291551
2016-01-08,181990,123358277670830,3271705783.0,2.822907852079785,2.787790537941645,172,433302849207
2016-01-09,182343,87977136911934,3051724557.0,2.615817442950922,3.042908145637617,155,390551724557
2016-01-10,158994,115047902531861,2762391735.0,2.7839163742028,3.221178157666327,178,447762391735
2016-01-11,187452,183585497434235,3525051387.0,2.8667552226703368,2.735537630966861,168,423525051387
2016-01-12,194869,129415517041920,3468332156.0,2.596780401192596,2.8852921706377104,168,423468332156
2016-01-13,187791,142631290533345,3417091376.0,2.651207991863295,2.5449036428795844,148,373417091376
2016-01-14,185484,127704452836515,3213324132.0,2.6017338422721097,2.736203661771366,136,343213324132
2016-01-15,186109,169464551305717,3618778872.0,2.562960415670387,2.644955375613216,124,313618778872
2016-01-16,187392,152950865546437,3414187407.0,2.6941384904371586,2.7439325051229506,136,343414187407
2016-01-17,204597,1039472761493216,3638377937.0,2.5890017937701924,3.2123491546796874,152,383638377937
2016-01-18,212791,947633454140672,3907138696.0,2.5017364456203506,2.7247298992908533,169,426407138696
2016-01-19,187679,673350631164524,3912890587.0,2.87245776032481,2.639032603541153,139,351412890587
2016-01-20,212603,612196946112572,4765354612.0,3.181577870491009,2.80894907409585,154,389765354612
2016-01-21,218030,529502429005247,4685675997.0,2.5093014722744575,2.654024675503371,133,337194662927
2016-01-22,216852,767001008042542,4859148927.0,2.7302307564606276,2.729013336284655,176,444859148927
2016-01-23,192187,2986825861279962,3915733746.0,2.5799351673110045,2.971621389584103,175,441415733746
2016-01-24,198406,6369055780168144,3920898578.0,2.446226424604095,2.8421569912200235,167,421420898578
2016-01-25,222765,2107643327085626,4630505448.0,2.5930375058918593,2.7469351109914033,172,434659709424
2016-01-26,229240,870651935474455,4635445756.0,2.5761036468330136,2.6978450532193334,161,407135445756
2016-01-27,226354,1561565204418719,4884726370.0,2.465196108750011,2.5864221529109273,151,382384726370
2016-01-28,228911,612989184035520,4835371097.0,2.6048551620498794,2.647880617357838,150,379835371097
2016-01-29,223287,716054269873463,4650504161.0,2.5488541652671226,2.461697277494883,164,414650504161
2016-01-30,197085,347857568530175,3975405339.0,2.6531699520511456,3.0393637263109827,187,471505216345
2016-01-31,176426,169003319830903,3447113844.0,2.799763073469897,3.176470588235294,183,460947113844
2016-02-01,225627,528933089555918,5594219858.0,2.883825960545502,2.5338456833623635,165,418111750726
2016-02-02,238437,391294329806305,5868069273.0,3.1473848437952165,2.761232526830987,177,448376527373
2016-02-03,191027,158469488531086,4402504180.0,3.08554288137279,2.606144681118376,177,446902504180
2016-02-04,202116,249380495401334,3916794937.0,2.802469868788221,2.7919610520691087,172,433942507809
2016-02-05,222612,346390720332291,4267235342.0,2.6153352020555944,2.7332354050994554,184,464267235342
2016-02-06,224424,313614990488565,4014271013.0,2.520180551099704,2.9259437493316223,196,494014271013
2016-02-07,209699,308027025482675,3838108015.0,2.628872812936638,3.436954873413798,179,451338108015
2016-02-08,229178,264073224536805,4291446243.0,2.5481459825986787,2.7407168227316756,151,381791446243
2016-02-09,235641,227399490194619,4263211651.0,2.5095038639286034,2.6914289109280642,180,454263211651
2016-02-10,230854,261600296540429,4418065180.0,2.423557746454469,2.5973775633084113,160,404439830712
2016-02-11,219788,266805144385956,4391247379.0,2.7758430851547855,2.628341856698273,190,479391247379
2016-02-12,202710,262814052981414,3909741221.0,2.5853879926989296,2.7692516402742835,172,433909741221
2016-02-13,187770,266766599652170,3567499156.0,2.6083666187356873,2.8702455131277627,160,403567499156
2016-02-14,184130,275564440976136,3473009040.0,2.6587248139901156,3.0975832292402106,160,403473009040
2016-02-15,219639,387440532379400,4205721356.0,2.6310263659914677,2.7896912661230475,155,391705721356
2016-02-16,215854,398098271912025,4204439412.0,2.4257507389253847,2.5468835416531546,140,354204439412
2016-02-17,226018,396764888365685,4368900712.0,2.5729101222026562,2.8188374377261987,149,376868900712
2016-02-18,216423,390116916410296,4400041538.0,2.5549548800266146,2.7144619564464034,176,444400041538
2016-02-19,215056,474213737714283,4547482761.0,2.5121735733948367,2.590562458150435,138,349551792079
2016-02-20,214056,413178316316910,4096297059.0,2.528469185633666,2.7369566842321635,152,384096297059
2016-02-21,211773,423547105925707,4132350993.0,2.5828835592828168,3.09831281608137,134,339132350993
2016-02-22,234116,446035750517267,4515100200.0,2.3382383092142356,2.688876454407217,125,317015100200
2016-02-23,243443,396218468329754,4796047829.0,2.399555542775927,2.612377435375016,134,339804805187
2016-02-24,221055,366742557080254,4545949170.0,2.3359299721788696,2.45951912419986,117,297045949170
2016-02-25,222474,313893973242843,4696744052.0,2.8827053947877057,2.739034673714681,158,399696744052
2016-02-26,204128,330363755969852,4236194949.0,2.584535193604013,2.6710201442232324,141,356736194949
2016-02-27,180681,251940463178589,3729568779.0,2.6612538119669473,2.950277007543682,143,361229568779
2016-02-28,233126,845765797823062,4435580852.0,2.182733800605681,2.509342587270403,137,346935580852
2016-02-29,267613,992379599547937,5564600072.0,2.2001995418757683,2.5719303621274006,134,340564600072
2016-03-01,273252,1100485125806415,5885090728.0,2.234501485807972,2.50670809362786,137,348385090728
2016-03-02,269535,570881146810569,7649115385.0,2.566256701356039,2.5122933941788634,157,400149115385
2016-03-03,223927,363351023033721,7229540536.0,2.713679011463557,2.9581202802699096,136,347229540536
2016-03-04,209526,746688246794164,5190513996.0,3.022474537766196,2.604984584252074,152,385190513996
2016-03-05,232695,1949190151169272,6182855480.0,2.4844066267001867,2.6441522164206366,152,386182855480
2016-03-06,163920,201961097098888,3935632644.0,2.868862859931674,3.05112859931674,147,371444154518
2016-03-07,184658,293252409258012,4422025753.0,2.5539213031658528,2.625702650304888,139,351922025753
2016-03-08,198610,231258670063648,4463445385.0,2.526489099239716,2.731780877095816,151,381963445385
2016-03-09,190058,205635374349058,5437812505.0,3.362357806564312,2.6168064485578086,164,415437812505
2016-03-10,189203,244391840235609,4125327570.0,2.8027039740384665,2.7741737710290004,158,399125327570
2016-03-11,190381,240429890896370,4020966266.0,2.530199967433725,2.6663952810417006,159,401520966266
2016-03-12,170105,184795401131117,3481470215.0,2.415402251550513,2.581229240763058,147,370981470215
2016-03-13,147569,159148406309901,3516999882.0,2.7049651349538184,3.2276562150587185,130,328516999882
2016-03-14,187666,239745002482709,4035017652.0,2.9316764890816662,2.753221148210118,147,371535017652
2016-03-15,203686,291011844529020,4317318863.0,2.5799907701069293,2.5995797452942275,164,414326287539
2016-03-16,212522,1325815571611966,4795751753.0,2.4091576401501964,2.456710364103481,156,394795751753
2016-03-17,209484,837762776035852,4671959546.0,2.460187890244601,2.666208397777396,143,362171959546
2016-03-18,203779,522829431272181,4224954675.0,2.290913195177128,2.5576335147390066,132,334237742003
2016-03-19,177934,222177763124057,3478609265.0,2.4002382906021333,2.696769588723909,133,335978609265
2016-03-20,179960,177022755426968,3401577837.0,2.673571904867748,3.164242053789731,153,385901577837
2016-03-21,198412,207789429657162,4112750561.0,2.5615890167933393,2.7222496623188115,134,339112750561
2016-03-22,207019,222799664804365,4281294477.0,2.4999154666962937,2.8117853916790247,153,386781294477
2016-03-23,186792,207396801021831,3840515485.0,2.58965587391323,2.7074553514069124,147,371340515485
2016-03-24,187835,225761931548479,3819883259.0,2.633103521707882,2.584172278861767,147,371319883259
2016-03-25,173095,214711014137425,3284899454.0,2.5472081804789277,2.6958491002050895,140,353284899454
2016-03-26,163107,154279200550816,3656291596.0,3.0996278516556615,2.9266003298448258,160,403656291596
2016-03-27,153312,168888193080905,3026165227.0,2.65740450845335,2.831219995825506,133,335526165227
2016-03-28,190590,200582695799111,4442767023.0,2.991662731517918,2.7972401490109657,160,404442519798
2016-03-29,196173,212200463913777,5767354979.0,3.451963318091684,2.56920677157407,166,420767354979
2016-03-30,201764,208684264825414,4650451033.0,2.737188001823913,2.76510180210543,148,374650451033
2016-03-31,210539,219989988506924,4625250039.0,2.463567320068966,2.4673670911327594,125,317125250039
2016-04-01,207344,215085197879866,5009840474.0,2.6368788100933713,2.496488926614708,148,375009840474
2016-04-02,191011,185708203085579,5284334194.0,3.140840056331834,2.9135494814434773,146,370284334194
2016-04-03,173972,150026795318725,4308169402.0,2.8912353712091603,2.820315912905525,142,359308169402
2016-04-04,208032,212438043229324,4511045956.0,2.5668454853099525,2.8085390709121674,163,412039698134
2016-04-05,212463,225274072372924,4724250823.0,2.608524778432009,2.662793051025355,154,389724250823
2016-04-06,221350,239085680229551,5921499889.0,2.406799186808222,2.706916647842783,155,393430372217
2016-04-07,219607,279674527344210,4498923496.0,2.265961467530634,2.5679190554035163,141,356998923496
2016-04-08,214638,270291511614790,4366075046.0,2.338598011535702,2.619210018729209,144,364366075046
2016-04-09,200358,231568254613620,3627944927.0,2.5038431208137433,2.641876041885026,166,418627944927
2016-04-10,184226,197773136514004,3378050669.0,2.504934156959387,2.7489388034262263,170,428378050669
2016-04-11,227849,253919936432331,4925614776.0,2.415964081475012,2.8118754087136657,157,397425614776
2016-04-12,236003,347133597773448,4997641503.0,2.3931644936716907,2.6622712423147163,145,367497641503
2016-04-13,226736,324394650170040,4624657920.0,2.370324959424176,2.4992281772634253,165,417124657920
2016-04-14,227793,293007008644825,4518781578.0,2.3282892801798125,2.7216244572923665,155,392018605502
2016-04-15,211897,383574382010753,4479610700.0,2.3954940371973175,2.5928871102469597,144,364479610700
2016-04-16,190002,316450285720725,3560477868.0,2.436248039494321,2.6960926727087084,143,361060477868
2016-04-17,188414,257581698326947,3356400261.0,2.515030730200516,2.8406381691381744,150,378356400261
2016-04-18,220211,388711998831755,4715416865.0,2.4047027623506545,2.7772182134407455,143,362215416865
2016-04-19,223199,363510738322398,4254020422.0,2.2898758506982557,2.601579756181703,148,374254020422
2016-04-20,219369,415296959478884,4415836268.0,2.4676412802173506,2.5930099512693223,161,406915836268
2016-04-21,211495,495105870500879,4250215131.0,2.4136788103737676,2.6315704862999127,150,379250215131
2016-04-22,211291,525259294588412,4287681051.0,2.5224737447406658,2.645441594767406,148,374287681051
2016-04-23,188732,367269941688226,3388605981.0,2.350677150668673,2.8814032596486023,142,358397190545
2016-04-24,175933,214135787318520,3144649304.0,2.4286972881722018,2.947508426503271,132,333144649304
2016-04-25,218701,278260031918319,4392606488.0,2.385064540171284,2.7462151521940914,126,319392606488
2016-04-26,250761,281105066331970,33740305933.0,2.2612527466392303,2.475133693038391,150,408740223497
2016-04-27,240162,250681456963878,4647815965.0,2.2613236065655684,2.6341178038157578,135,342147815965
2016-04-28,249465,270897211968117,4938547885.0,2.243789709979356,2.5216603531557533,135,342438547885
2016-04-29,259022,252350120038042,5013205017.0,2.2631899993050784,2.7469674390592305,155,392513205017
2016-04-30,220759,193580148595510,4169646638.0,2.3510343859140512,2.68827544969854,145,366669646638
2016-05-01,190290,187854510545737,3417575916.0,2.386630931735772,3.0399548058226915,155,390917575916
2016-05-02,220373,241796841550585,4457435447.0,2.4723718422855794,2.734041829080695,155,391957435447
2016-05-03,235957,227478086184695,4418746144.0,2.3786791661192503,2.428442470450124,153,386918746144
2016-05-04,232680,227240131536608,4759811136.0,2.3556257521058965,2.470667870036101,160,404759616007
2016-05-05,232479,218584128024602,4503180740.0,2.1967145419586287,2.5671996180300156,157,397003180740
2016-05-06,234386,228371619142011,4466708284.0,2.2284991424402483,2.5037459575230603,163,411966708284
2016-05-07,201983,191812031665184,3777358643.0,2.2009327517662376,2.511726234386062,156,393777358643
2016-05-08,189461,165038980954317,3476048544.0,2.3982138804292177,2.610004169723584,165,415976048544
2016-05-09,221741,206066639753102,3955518002.0,2.2473020325514903,2.788789623930622,174,438955518002
2016-05-10,247787,221423789089334,4839246301.0,2.1989289187891212,2.4855541251155224,155,392339246301
2016-05-11,236199,251120903562253,4604702301.0,2.137341817704563,2.5159251309277346,139,352104702301
2016-05-12,230016,231713854189855,4696405489.0,2.1593758695047303,2.5193290901502503,136,344696405489
2016-05-13,230036,256541169225080,4578956943.0,2.2246909179432786,2.576383696464901,151,382078956943
2016-05-14,209917,194491797363986,4885225455.0,2.532124601628263,2.736719751139736,138,349885225455
2016-05-15,202812,202477032602139,4602837296.0,2.5275821943474743,2.8128661025974795,150,379602837296
2016-05-16,233538,267004903490597,5885982502.0,2.283144498968048,2.8653666640974915,132,335885982502
2016-05-17,245385,271142899155441,5908482943.0,2.4480795484646576,2.7567373718849972,150,380908482943
2016-05-18,233752,227477660923079,5873229352.0,2.523097128580718,3.0694710633491904,146,370873229352
2016-05-19,218489,254056265211563,5495455483.0,2.426845287405773,2.700319009194971,122,310495455483
2016-05-20,213653,214792752696319,5234028485.0,2.525337814119156,2.5530743776122966,149,377734028485
2016-05-21,189437,161042325182465,5544144926.0,2.788172321141065,2.8094247691844783,136,345544144926
2016-05-22,183206,147284324509478,4404013591.0,2.9309629597283933,2.6863639837123237,184,464404013591
2016-05-23,213404,213299802098048,5178363655.0,2.386529774512193,2.7510074787726566,181,457678363655
2016-05-24,250657,243445265213553,6207956960.0,2.457274283183793,2.665953873221175,154,391207956960
2016-05-25,249954,359568744059279,5972769091.0,2.192475415476448,2.4825887963385265,136,345972769091
2016-05-26,223260,368585703891010,5540405009.0,2.3818104452208186,2.4647944101048105,138,350540405009
2016-05-27,215585,432151249358497,7092806312.0,2.8972331099102444,2.658584780944871,132,337092806312
2016-05-28,187506,374452871724692,5185427024.0,2.8405277697780336,2.870249485349802,136,345185427024
2016-05-29,187785,292819316289721,5023328884.0,2.6351252762467716,2.770077482227015,154,390023328884
2016-05-30,203912,233650000695670,5634992299.0,2.85685982188395,2.837910471183648,135,343134992299
2016-05-31,214405,254554260902767,5105708482.0,2.367747953639141,2.639402066183158,132,335105708482
2016-06-01,232256,240545642509343,5664374774.0,2.315750723339763,2.5506467001928907,136,345664374774
2016-06-02,237538,237768433792093,6004208082.0,2.2684244205137705,2.567753369987118,147,373507823834
2016-06-03,231022,192827483707071,5422873868.0,2.242894616097168,2.530040429050047,132,335431362864
2016-06-04,200930,150906494072723,4710277333.0,2.3634997262728312,2.77783307619569,129,327210277333
2016-06-05,189242,189842301145338,4453442836.0,2.55692182496486,2.740485727269845,163,411953442836
2016-06-06,218977,195815714291448,5067229960.0,2.4503532334446083,2.7719121186243303,169,427567229960
2016-06-07,231217,217007993980989,5348217918.0,2.2503319392605214,2.6138865221847873,142,360348217918
2016-06-08,235571,208596670165841,5149055574.0,2.3259569301824077,2.5668227413391294,145,367649055574
2016-06-09,234083,247926846681002,5252384603.0,2.273215056198015,2.6630639559472495,168,425252384603
2016-06-10,224880,232665208098552,5218425219.0,2.30880914265386,2.6899368552116685,135,342718425219
2016-06-11,216481,193222404461470,4695843747.0,2.41093675657448,2.7063345051066836,159,402195843747
2016-06-12,207195,277387251522199,5137244218.0,2.6363908395472864,2.866130939453172,148,375137244218
2016-06-13,247649,292940968197722,6288348525.0,2.6652560680640747,2.6575758432297323,156,396297307249
2016-06-14,254475,244450768186220,7056167676.0,2.3304253855977994,2.423609391885254,144,367056167676
2016-06-15,247608,247967599808707,8046459191.0,2.396752124325547,2.5833091014829894,140,358046459191
2016-06-16,275691,290505847518912,8356117074.0,2.4863923740709706,2.550815949740833,156,398356117074
2016-06-17,254027,286551774916196,7924707042.0,2.525609482456589,2.664118381116968,150,382924707042
2016-06-18,232329,229894779536630,6973505804.0,2.5280787159588343,2.7613857934222588,152,386973505804
2016-06-19,220411,204612013906373,6376079749.0,2.7371229203624137,2.711271216046386,180,456376079749
2016-06-20,246762,268148656068364,7610707050.0,2.3296698843419974,2.7106037396357623,163,415110707050
2016-06-21,241155,280821839564231,7413772268.0,2.5128776098359977,2.760962866206382,143,364913772268
2016-06-22,235905,283544597221774,7889394670.0,2.4762807062164853,2.6035607553888216,137,350389394670
2016-06-23,252745,334201019111320,7887544132.0,2.4140062117944963,2.6573186413183247,145,370387544132
2016-06-24,233444,281539993124454,7293098436.0,2.1935924675725227,2.5599501379345795,120,307293098436
2016-06-25,212837,219324799501114,6299530030.0,2.778393794312079,2.865887980003477,163,413799530030
2016-06-26,181325,179499647044217,5411752167.0,2.8459782159106575,2.948622638908038,148,375411752167
2016-06-27,210721,216476895969278,5954426908.0,2.3640500946749494,2.4553319317960716,142,360954426908
2016-06-28,209536,190528577455292,5851615739.0,2.4289573152107513,2.767013782834453,149,378351615739
2016-06-29,230070,215790048733090,6313180436.0,2.292411005346199,2.4650628069717913,143,363813180436
2016-06-30,229917,208922994569552,6139497628.0,2.280022790833214,2.535514990192113,149,378639497628
2016-07-01,211725,208425256151078,5934712537.0,2.7107946628881803,2.5373432518597236,170,430934712537
2016-07-02,199819,217792488328751,5364704067.0,2.324508680355722,2.518854563379859,145,367864704067
2016-07-03,177416,179184287650808,4555170477.0,2.4622976507192136,2.729990530730036,150,379555170477
2016-07-04,210070,255489667714583,5329415125.0,2.399076498310087,2.727657447517494,157,397829415125
2016-07-05,213346,212102936883836,5607281184.0,2.3767541927198073,2.538496151790987,135,343107281184
2016-07-06,212791,213073031579362,5492587904.0,2.372116301911265,2.5417240390806004,144,365492587904
2016-07-07,210651,268190751264553,5561743185.0,2.437396451951332,2.4338170718392034,136,345561743185
2016-07-08,215181,243353503977431,5789075858.0,2.4144929152666825,2.659533137219364,145,368289075858
2016-07-09,191948,203812800918342,5003080319.0,2.3706889365869923,2.8132619251047157,149,335003080319
2016-07-10,162468,152180294520594,3838294750.0,2.522078193859714,2.7216190265159907,153,195088294750
2016-07-11,216902,221704241350241,5702037114.0,2.4093645978368112,2.664415265880444,152,195702037114
2016-07-12,211071,225044619039707,4892554529.0,2.2315903179498844,2.4231372381805176,133,171142554529
2016-07-13,218444,226009749209545,5306787112.0,2.255479665268902,2.4340746369778983,135,174056787112
2016-07-14,220581,226847792108771,5910717644.0,2.269066692054166,2.477058314179372,137,177160717644
2016-07-15,219372,337413125504008,5575098829.0,2.2168781795306605,2.5387105008843425,141,181825098829
2016-07-16,182056,196300394334766,4986562116.0,2.845690337039153,2.6279771059454236,156,199986562116
2016-07-17,171887,211165036262798,4893062135.0,2.98951636831174,2.7464787912989346,150,192393062135
2016-07-18,216376,234500990215269,5783169413.0,2.485774762450549,2.5494463341590565,145,187033169413
2016-07-19,223677,257004464245242,6104406935.0,2.137300661221315,2.4009352772077595,127,164854406935
2016-07-20,225532,250237578532552,6365270087.0,2.4371486086231666,2.495446322473086,150,193865270087
2016-07-21,227580,239895902978135,6320523997.0,2.2791589770630107,2.602372791985236,143,185070523997
2016-07-22,216354,239303193544961,6301502124.0,2.1888340405076865,2.382858648326354,122,158801502124
2016-07-23,195104,181960237686078,6078765518.0,2.477068640314909,2.6149848286042316,128,166078765518
2016-07-24,182615,190727514038429,5073771968.0,2.4678367056375436,2.5737097171645265,128,165073771968
2016-07-25,241110,193655296631871,6964827697.0,2.20829496910124,2.5918833727344364,134,174464827697
2016-07-26,235390,233949857064418,7008570336.0,2.2144143761417223,2.467250095586049,126,164508570336
2016-07-27,230376,257605234916975,7330306319.0,2.2799119699968746,2.3872755842622495,125,163580306319
2016-07-28,241549,256165298939051,7413116903.0,2.2468857250495757,2.5207887426567694,137,178663116903
2016-07-29,232090,220037570597186,7209864685.0,2.3838036968417424,2.2861088370890603,149,193459864685
2016-07-30,196627,188161888434241,6395094637.0,2.111932745757195,2.6597110264612693,115,150145094637
2016-07-31,197628,184759011879001,7323171687.0,3.0007438217256666,2.513768291942437,156,202323171687
2016-08-01,221299,187380107820246,7412186717.0,2.6383038332753426,2.70917175405221,151,196162186717
2016-08-02,249406,331152575956294,7976993477.0,2.452884052508761,2.378182561766758,158,205485436875
2016-08-03,243067,272144004888476,7760089337.0,2.4353573294606012,2.5263692726696756,160,207760089337
2016-08-04,235501,355374482033162,7058487984.0,2.3703593615313734,2.441934429153167,155,200808487984
2016-08-05,227098,245908799760859,7311875510.0,2.4151555716034485,2.4111881214277537,167,216061875510
2016-08-06,196361,152748452744208,6039039680.0,2.3662743620168976,2.6119494196912827,172,221039039680
2016-08-07,189302,190142260061123,6410590907.0,2.537120579814265,2.57648624948495,140,181410590907
2016-08-08,236254,202780274343897,8781302652.0,2.3719175125077245,2.54883726836371,154,201281302652
2016-08-09,222084,210542781155151,7165622789.0,2.180580320959637,2.4165721078510836,124,162165622789
2016-08-10,257675,232608567589189,8020532677.0,2.3597710293974967,2.504802561366062,158,205520532677
2016-08-11,248504,233960102976791,7805108870.0,2.1403679618839133,2.4546325210056983,137,179055108870
2016-08-12,236661,197818697109955,7235019573.0,2.418708616966885,2.458609572341873,154,199735019573
2016-08-13,215680,201063852211696,6264601025.0,2.447320103857567,2.493040615727003,163,210014601025
2016-08-14,199753,174372650639836,6153791410.0,2.379513699418782,2.699699128423603,165,212403791410
2016-08-15,202376,222487690575009,6288491433.0,2.545504407637269,2.502609005020358,146,188788491433
2016-08-16,250532,275766490885221,8531683640.0,2.3380446410039437,2.400395957402647,138,181031683640
2016-08-17,236587,231246014534356,7513112303.0,2.1970226597403917,2.4401213929759455,122,160013112303
2016-08-18,241024,239534361291752,7666619071.0,2.3031274893786513,2.323001028943176,149,193916619071
2016-08-19,245336,243320319961717,8036644829.0,2.184432777904588,2.4368824795382658,143,186786644829
2016-08-20,214074,215943459368576,6385553591.0,2.6026233919112083,2.6309547165933274,170,218885553591
2016-08-21,184728,133472094676480,5064521136.0,2.5228443982504007,2.718586245723442,156,200064521136
2016-08-22,226433,206018993081154,6527548720.0,2.4756285523753165,2.5632571224159024,159,205277548720
2016-08-23,238591,206543452945887,6750661674.0,2.371707231203189,2.3575868326969585,150,194250661674
2016-08-24,238897,227021556793686,6562073464.0,2.246085132923394,2.5088845820583767,156,201562073464
2016-08-25,228168,202505276322431,6295783622.0,2.0615160758739175,2.402501665439501,124,161295783622
2016-08-26,232441,218951809244877,6391242474.0,2.295356671155261,2.3856892716861484,139,180141242474
2016-08-27,192082,150207742075012,5537245926.0,2.338735540029779,2.738653283493508,142,183037245926
2016-08-28,171823,126094228031360,4885639402.0,2.5332347823050463,2.615895427271087,149,191135639402
2016-08-29,233213,177883374212870,6477644144.0,2.4989687538859324,2.3855831364460816,158,203977644144
2016-08-30,238085,177721840087247,6540005715.0,2.1989709557510975,2.4671104857508874,145,187790005715
2016-08-31,231236,185731705749340,6399425689.0,2.370885156290543,2.4425867944437716,149,192649425689
2016-09-01,234686,200598649776724,6309957524.0,2.191225722880785,2.33178800610177,132,171309957524
2016-09-02,231500,161113590405521,5821611297.0,2.279671706263499,2.406583153347732,162,208321611297
2016-09-03,182133,132586314576317,5141981803.0,2.4679272839079136,2.601873356283595,125,161391981803
2016-09-04,181226,114012349399636,4699992910.0,2.6971516228355754,2.639499851014755,171,218449992910
2016-09-05,222938,163142261391391,6129493050.0,2.405368308677749,2.639689061532803,140,181129493050
2016-09-06,235524,174360665082963,6181889080.0,2.4249036191640765,2.620191572833342,143,184931889080
2016-09-07,247610,195866027661636,6343499350.0,2.2767174185210615,2.3851742659827955,147,190093499350
2016-09-08,229718,166256070022217,6003019128.0,2.3069110822834955,2.474046439547619,141,182253019128
2016-09-09,217595,191308297616469,6264966621.0,2.476054137273375,2.3605735425905925,146,188764966621
2016-09-10,198771,149113604581129,5232519067.0,2.4690976047813815,2.5552721473454376,152,195232519067
2016-09-11,180013,145692448519312,4745887063.0,2.5953070056051506,2.7524734324743214,165,210995887063
2016-09-12,211261,192225697021286,5539493196.0,2.4804294214265767,2.613648520077061,170,218039493196
2016-09-13,236305,225636537486649,6789177115.0,2.5161803601278008,2.393339116819365,158,204289177115
2016-09-14,226795,192809020277925,6179314467.0,2.4207941092175753,2.3365329923499196,154,198679314467
2016-09-15,236051,261941953897818,5920514213.0,2.3215406840047277,2.423887210814612,156,200920514213
2016-09-16,216388,208715753746344,6514319964.0,2.4800913174482875,2.3857977337005747,149,192764319964
2016-09-17,212850,148831882268503,5776329186.0,2.5076485788113696,2.5173925299506696,151,194526329186
2016-09-18,191192,163630632062141,5296456505.0,2.487734842462028,2.629179045148333,149,191546456505
2016-09-19,218671,214601872643786,6517092113.0,2.2999163126340485,2.4623383987817316,136,176517092113
2016-09-20,243727,225790793068146,6778667976.0,2.219397112342908,2.4651844071440587,145,188028667976
2016-09-21,241135,239671634383251,6550713830.0,2.286918116407821,2.481709415887366,165,212800713830
2016-09-22,225284,222020841369395,6153670937.0,2.219611690133343,2.3396157738676515,147,189903670937
2016-09-23,227022,262388549531583,6100501034.0,2.2423641761591386,2.362264450141396,132,171100501034
2016-09-24,214760,209183455385055,6060095963.0,2.461766623207301,2.4400400447010617,165,212310095963
2016-09-25,195369,184303063938423,4940723976.0,2.607829287143815,2.537552016952536,192,244940723976
2016-09-26,229389,238938013319024,6007525167.0,2.373387564355745,2.539672782914612,153,197257525167
2016-09-27,238170,172459434635818,6239395496.0,2.457895620775077,2.456119578452366,156,201239395496
2016-09-28,232513,292678222830516,6386925068.0,2.412007070572398,2.3690718368435313,153,197636925068
2016-09-29,238931,193132028237394,6775910053.0,2.381842456608812,2.5821429617755753,147,190525910053
2016-09-30,258887,242723304365164,7043476946.0,2.251198399301626,2.3922753942839927,135,175793476946
2016-10-01,214706,159365018989574,5901751291.0,2.53693422633741,2.5361517610127335,166,213401751291
2016-10-02,197848,152122546362470,5443187586.0,2.523851643686062,2.445569325947192,143,184193187586
2016-10-03,246271,192047105219043,7208938012.0,2.4542556776884004,2.6853222669335812,144,187208938012
2016-10-04,268401,180953359889870,7225361579.0,2.33388102130767,2.461235241299399,162,209725361579
2016-10-05,264912,262359949804514,7199224336.0,2.2698631998550463,2.417708522075255,159,205949224336
2016-10-06,272259,238395030336811,7723327110.0,2.2923429528500434,2.5291211677116276,162,210223327110
2016-10-07,271563,250623021317351,7358491610.0,2.22798393006411,2.5115792652165427,148,192358491610
2016-10-08,252868,235472610298527,6794960458.0,2.4558030276666085,2.453809892908553,169,218044960458
2016-10-09,210363,253183227642954,5793148920.0,2.4782970389279484,2.6371320051529974,159,204543148920
2016-10-10,212851,274573092837795,6565258204.0,2.366030697530197,2.415074394764413,125,162815258204
2016-10-11,265487,288260368553681,7997816979.0,2.2858972379061875,2.4274597249582843,139,181747816979
2016-10-12,237505,305183409484858,7033324802.0,2.515113366034399,2.5422285846613755,142,184533324802
2016-10-13,230279,209852083227029,6686623402.0,2.367753898531781,2.4621611176008233,127,165436623402
2016-10-14,234875,207469979175387,6648826675.0,2.4056498137307076,2.6970984566258647,140,181648826675
2016-10-15,217764,330272316376370,6471396755.0,2.4395079076431365,2.679386859168641,138,178971396755
2016-10-16,196697,267277607313539,5732185383.0,2.381210694621677,2.5528249032776302,133,171982185383
2016-10-17,236996,219089126353770,7271845698.0,2.3607276072169996,2.402842242063157,129,168521845698
2016-10-18,248360,252767662847310,7655141090.0,2.452544693187309,2.3834192301497827,152,197655141090
2016-10-19,217203,205605983388226,6389588810.0,2.4258320557266706,2.321427420431578,131,170139588810
2016-10-20,250780,252450155593647,8649659862.0,2.3380851742563205,2.4134819363585613,127,167399659862
2016-10-21,268759,347986583664827,7767001118.0,2.344170799861586,2.463753771966706,161,209017001118
2016-10-22,222514,143609578560751,6578039472.0,2.5989241126401037,2.364291685017572,156,201578039472
2016-10-23,180438,154868385478769,6446840255.0,3.09075693590042,2.4144747780401024,136,176446840255
2016-10-24,243531,411875972143261,8417510981.0,2.7732978553038423,2.5088551354858315,152,198417510981
2016-10-25,235280,309498213210814,9703039018.0,2.767460047602856,2.407922475348521,138,182203039018
2016-10-26,222748,223883160915569,12427334626.0,3.1990006644279636,2.29766372762045,139,186177334626
2016-10-27,325749,375642914808616,11510461706.0,2.3796082259653906,2.377275141289766,163,215260461706
2016-10-28,244949,169154630763256,8048125137.0,2.377960310105369,2.3439491485982797,147,191798125137
2016-10-29,229621,152060944443395,7297912996.0,2.370780547075398,2.3813719128476927,143,186047912996
2016-10-30,216090,137374050167541,6570246839.0,2.566065065481975,2.3782544310241103,176,226570246839
2016-10-31,241358,182644114419051,7570414861.0,2.3400674516693045,2.5594842516096423,147,191320414861
2016-11-01,246318,183866684893711,7876846531.0,2.471017140444466,2.378559423184664,149,194126846531
2016-11-02,264075,466398199269109,7841862560.0,2.118636750923033,2.2825750260342708,131,171591862560
2016-11-03,272355,685881966009447,7921800797.0,2.2385048925116116,2.338345174496521,153,199171800797
2016-11-04,252523,613912395198661,8489776733.0,2.1230422575369374,2.3166919448921486,120,158489776733
2016-11-05,239296,583766413615552,7453331477.0,2.3079240772933938,2.460571844075956,147,191203331477
2016-11-06,226749,544039023568266,7111241400.0,2.375022602084243,2.6297271432288567,154,199611241400
2016-11-07,268794,444812771171932,8947576027.0,2.196615251828538,2.4112926627826514,143,187697576027
2016-11-08,298064,359988344547640,9015161283.0,2.319233453218101,2.3845248000429438,170,221515161283
2016-11-09,273227,300676001431192,8463838504.0,2.2724584319997656,2.3875129471099124,146,190963838504
2016-11-10,268090,183438178583061,8163120255.0,2.3888694095266514,2.3798425901749414,167,216913120255
2016-11-11,259259,144984940715402,7393584344.0,2.3353827639541924,2.328085042370757,166,214893584344
2016-11-12,230371,95687526596904,6615064325.0,2.402637484752855,2.4895798516306304,167,215365064325
2016-11-13,212880,109275594989065,6103077143.0,2.420936677940624,2.6137307403231866,141,182353077143
2016-11-14,267456,168989935126424,7853158087.0,2.4013482591529076,2.477379456807849,169,219103158087
2016-11-15,282869,183467233639346,8219638449.0,2.236162322488502,2.4689591294910365,158,205719638449
2016-11-16,295924,210978125880929,8115521480.0,2.227669942282478,2.357899325502494,176,228115521480
2016-11-17,272695,171124495290205,8720347905.0,2.472637928821577,2.418984579841948,156,203720347905
2016-11-18,279512,164916231606385,8473347324.0,2.340758178539741,2.494114742837517,150,195973347324
2016-11-19,245936,110510665789730,7067440338.0,2.2445839568017694,2.575926257237655,140,182067440338
2016-11-20,251755,120158777784265,7596630331.0,2.1598498540247464,2.6370161466505135,132,172596630331
2016-11-21,279018,164972249001658,9301590920.0,2.016418295593833,2.514318072669147,136,179301590920
2016-11-22,283431,171594049334450,10056389812.0,1.9852309733233133,2.541817938051942,133,176306389812
2016-11-23,283625,199768791680623,10821136590.0,2.3179303657999117,2.5215478184222127,147,194571136590
2016-11-24,319986,193475912935964,13242385222.0,2.2150344077553394,2.4665829130024437,160,213242385222
2016-11-25,317926,151776044006203,14157482038.0,2.100825349295119,2.3081975050797983,153,205407482038
2016-11-26,274061,120391992893773,10096439134.0,2.4648600129168323,2.419136615570986,151,198846439134
2016-11-27,247274,96290794222476,8440450554.0,2.3914443087425283,2.51929843008161,150,195940450554
2016-11-28,292996,158990544462886,10781759587.0,2.3500013652063507,2.4268454176848833,161,212031759587
2016-11-29,292763,145740996971417,10188596861.0,2.1980714776115833,2.3881023216731623,151,198938596861
2016-11-30,288542,145986708125157,9834707730.0,2.0657131370822963,2.3621621808956754,139,183584707730
2016-12-01,247013,153784643434941,10234943092.0,2.5990575394817275,2.3600822628768525,148,195234943092
2016-12-02,300492,185615124133530,11854876865.0,2.1108981270716027,2.4893641095270422,138,184354876865
2016-12-03,295827,124892447416898,10276669896.0,2.440071393077711,2.397573581856964,175,229026669896
2016-12-04,250335,92349243293253,9353735037.0,2.5734036391235744,2.4349851199392814,150,196853735037
2016-12-05,276104,173706902992416,10437895211.0,2.3155079245501695,2.4339850201373396,151,199187895211
2016-12-06,321543,171912851967615,12228121150.0,2.1440429429345373,2.3561576523202183,151,200978121150
2016-12-07,304967,165158035946890,10623458413.0,2.3866287172054683,2.396967540750311,173,226873458413
2016-12-08,288477,150214177863899,9825618635.0,2.23285391902994,2.314444479109253,158,207325618635
2016-12-09,269949,154967224460482,9654570697.0,2.2188931983448725,2.3213495882555595,135,178404570697
2016-12-10,241704,112962605693775,8361647924.0,2.245080759937775,2.3576937080064875,125,164611647924
2016-12-11,235010,109295678776974,7860574490.0,2.7099527679673203,2.5687928173269223,187,241610574490
2016-12-12,259359,164920573777256,9030948435.0,2.2602030390308414,2.416214590586793,159,207780948435
2016-12-13,295567,163271860856490,9945604445.0,2.334002104429791,2.2901575615681047,178,232445604445
2016-12-14,295997,173653006978558,9763114345.0,2.0303246316685644,2.3026145535258804,145,191013114345
2016-12-15,269910,211446236283184,9614170210.0,2.0092438220147457,2.257552517505835,122,162114170210
2016-12-16,291629,201876424819536,10151211116.0,2.0861436962716327,2.3966889438293175,136,180151211116
2016-12-17,236905,132711902663221,8047379291.0,2.259707477680927,2.59468141238049,143,186797379291
2016-12-18,228431,138089301272443,7946680942.0,2.3975992750546116,2.307265651334539,139,181696680942
2016-12-19,284368,189502479660335,10380803962.0,2.285696702863895,2.4531592865582623,153,201630803962
2016-12-20,297473,196843675317634,10261207489.0,2.111704255512265,2.314125987904785,138,182761207489
2016-12-21,324954,295738622159136,11497746053.0,2.1618075173716895,2.2602429882383355,158,208997746053
2016-12-22,311630,255696565662257,10530466391.0,2.185226069377146,2.2847222667907454,155,204280466391
2016-12-23,303246,259889011435020,9998752263.0,2.1032264234318014,2.294866214228712,154,202498752263
2016-12-24,248495,159689521858787,8530289934.0,2.223996458681261,2.3816012394615584,136,178530289934
2016-12-25,198473,109027182859175,6298221843.0,2.659389438361893,2.441888821149476,164,211298221843
2016-12-26,249527,152261768857440,8901321543.0,2.419870394786937,2.4386218725829267,151,197651321543
2016-12-27,287900,215257668300587,9719800036.0,2.1570718999652656,2.32990621743661,149,195969800036
2016-12-28,299919,220630231905236,10215163460.0,2.226521160713393,2.2721401445056832,162,212715163460
2016-12-29,303563,178694156732270,10685167199.0,2.2072749313980955,2.3186784950735104,152,200685167199
2016-12-30,289643,233877085567750,10201828877.0,2.2722213207293116,2.4272259298515757,159,208951828877
2016-12-31,257734,141869424163092,8429664815.0,2.169694336020859,2.5215144296057175,148,193429664815
2017-01-01,184905,108200157293109,6506910053.0,2.8506097725859223,3.1074119142262244,160,206506910053
2017-01-02,282902,157178171422613,11146437091.0,2.461647496306141,2.697679761896346,150,198646437091
2017-01-03,298683,199452136748144,11533945455.0,2.260352949448077,2.6476364573812368,168,221533945455
2017-01-04,321822,262834280085101,19210829666.0,2.129030954999969,2.4076601351057416,149,205460829666
2017-01-05,299674,314020315422740,11798364980.0,2.290679204735813,2.3472239833952897,147,195548364980
2017-01-06,342552,314907193755202,12697199423.0,2.0754542376048017,2.2920053013848993,158,210197199423
2017-01-07,286312,217579196020688,10793898369.0,2.1854026376819693,2.5524672385369804,140,185793898369
2017-01-08,258854,166887798276472,9113442420.0,2.4192672317213564,2.458374218671529,163,212863442420
2017-01-09,273613,222637353680876,10201097027.0,2.154546750337155,2.439346814661584,142,187701097027
2017-01-10,317472,238779800293999,11830753346.0,2.118492339481907,2.321048785404697,153,203080753346
2017-01-11,305633,403995131158940,11298763697.0,2.1881963007921263,2.319432129383934,159,210048763697
2017-01-12,294810,355510198866911,10589463087.0,2.125131440588854,2.274495437739561,169,221839463087
2017-01-13,267835,239500457366687,9522829950.0,2.1415610357122854,2.346907611029178,150,197022829950
2017-01-14,248448,150326380192379,8869887967.0,2.4270068585780527,2.3876787094281298,170,221369887967
2017-01-15,235219,171482354026270,8251517527.0,2.3392583082148977,2.458802222609568,167,217001517527
2017-01-16,257464,207714443194284,10016379190.0,2.254501600223721,2.3613009974209986,168,220016379190
2017-01-17,299282,228173526196398,11081034320.0,2.2487486718212253,2.4424389037763716,161,212331034320
2017-01-18,296862,207479987071592,10815304175.0,2.0870067573485325,2.378034238130849,151,199565304175
2017-01-19,304459,265170397451986,11274949071.0,2.2525364663222307,2.329492641045264,175,230024949071
2017-01-20,298859,258006327641364,10627069984.0,2.140039282738683,2.3368511572346824,186,243127069984
2017-01-21,263410,158250110927645,9377536602.0,2.1892221252040547,2.462507118180783,180,234377536602
2017-01-22,239458,115388703638816,8890677820.0,2.3317742568634166,2.4621060895856477,177,230140677820
2017-01-23,240122,151818535002654,10794182123.0,2.5556050674240596,2.428627947460041,141,187044182123
2017-01-24,260388,192794044820116,14033871873.0,2.671313578198688,2.379771725271518,145,195283871873
2017-01-25,316314,192997702981153,13774909263.0,2.2403655860948297,2.3215538989738045,152,203774909263
2017-01-26,306603,205302903696952,11945079759.0,2.3186922502389082,2.325730667997378,150,199445079759
2017-01-27,275785,191017613456431,11666581844.0,2.561589644106822,2.3783091901299924,174,229166581844
2017-01-28,237434,123628951501059,12179796423.0,2.737649199356453,2.5302947345367555,151,200929796423
2017-01-29,243500,135657593053975,12018190713.0,2.841786447638604,2.542751540041068,166,219518190713
2017-01-30,243649,144883371500072,13050292297.0,2.6524016105134844,2.4850871540617856,142,190550292297
2017-01-31,304929,178927279333668,14858302500.0,2.1339065815320946,2.352140990197718,146,197358302500
2017-02-01,351376,209767487914097,15577256889.0,2.368007490551432,2.547165998816083,192,255577256889
2017-02-02,264829,183818307756500,14128505323.0,2.5830252729119545,2.5740723259159686,159,212878505323
2017-02-03,320164,246512065161940,16256551530.0,2.0204020439524744,2.4694687722542197,148,201256551530
2017-02-04,287747,210906680973344,13771813245.0,2.2575700181061835,2.3938494580308394,144,193771813245
2017-02-05,294868,182867584982127,13895239540.0,2.527215567643827,2.328309616506369,161,215145239540
2017-02-06,229744,168166645244863,15310784046.0,2.4202416602827497,2.5223248485270564,125,171560784046
2017-02-07,325430,206172002159210,17326342176.0,2.0508312079402637,2.27247027010417,152,207326342176
2017-02-08,302940,195019292708675,15437370105.0,2.0942562883739355,2.300986994124249,144,195437370105
2017-02-09,344511,313919672854332,17184925476.0,2.12988264525661,2.2645372716691194,167,225934925476
2017-02-10,309734,289527461680750,14549683528.0,2.1178914810773115,2.3290145737955794,149,200799683528
2017-02-11,256270,135194333624313,11505205973.0,2.294482381862879,2.4287665352948062,135,180255205973
2017-02-12,243200,99733264115518,10428082510.0,2.455152138157895,2.3973231907894736,145,191678082510
2017-02-13,284846,170397886366249,13612897581.0,2.382350463057231,2.373496556033787,163,217362897581
2017-02-14,318755,193119637007273,14158923536.0,2.1153926997223573,2.302897209455538,170,226658923536
2017-02-15,300165,177539733065598,13605512379.0,1.9967651125214465,2.294784535172322,141,189855512379
2017-02-16,267520,268575136876502,16299028343.0,2.4363225179425836,2.3810369318181817,144,196299028343
2017-02-17,322969,275207233782046,16710200086.0,2.0684183311711033,2.5132814604497646,153,207960200086
2017-02-18,287686,124763381216066,15069399565.0,2.3523459605264074,2.3856148717699157,150,202569399565
2017-02-19,256053,144720113706587,13309248225.0,2.2908226031329453,2.4468918544207643,137,184559248225
2017-02-20,278905,155492107725928,15842482820.0,2.2994962442408706,2.443778347465983,146,198342482820
2017-02-21,287282,177216849748237,16784202479.0,2.1284347783710778,2.362622788758084,142,194284202479
2017-02-22,281479,244598212850079,18213388217.0,2.1312104988293976,2.367238763815418,137,189463388217
2017-02-23,327429,362072310142754,21293008902.0,1.9971749600676787,2.2931322515720964,152,211293008902
2017-02-24,334366,194215680375146,22149715710.0,2.081425743048037,2.2981702685081618,157,218399715710
2017-02-25,315142,124593196846789,18912286241.0,2.221477936930019,2.4028374510538106,159,217662286241
2017-02-26,285112,113303251680006,16891928680.0,2.9104071382474257,2.5392828081596006,189,253141928680
2017-02-27,270874,186526383425057,18734462637.0,2.2097026661842776,2.4403117316538316,141,194984462637
2017-02-28,329216,196983858453266,22906819456.0,2.0223774057153965,2.309887733281493,154,215406819456
2017-03-01,322307,260092103474050,23274407448.0,1.9586698396249538,2.337507407533811,147,207024407448
2017-03-02,317521,265957149911563,24497913947.0,2.0459150733337323,2.3582881132271565,151,213247913947
2017-03-03,345757,472793751584073,26409309333.0,1.994452751498885,2.3249218381695815,155,220159309333
2017-03-04,262110,198650909129883,21716241036.0,2.206745259623822,2.452123154400824,131,185466241036
2017-03-05,289929,126491222433639,22176015622.0,2.361736839019208,2.4544491927333936,150,209676015622
2017-03-06,279611,194191893852831,23694355596.0,2.1271015804099265,2.52020485603213,140,198694355596
2017-03-07,328172,213576552370028,26904540146.0,2.082490279487586,2.350380288385359,153,218154540146
2017-03-08,310644,256358134258532,24115295527.0,2.1425779992531644,2.38083465317212,147,207865295527
2017-03-09,298126,560603729486249,23478482847.0,2.2443295787687085,2.441078604348497,146,205978482847
2017-03-10,299353,279575527792541,25140411116.0,2.2988077620735385,2.4266835475174795,152,215140411116
2017-03-11,285109,171778681666592,22027855047.0,2.3582840247063404,2.4305756745665694,145,203277855047
2017-03-12,224685,116935212211155,19218223131.0,3.226801967198522,2.693441929812849,161,220468223131
2017-03-13,266897,208011879666539,21392935300.0,2.420933918328044,2.5283836086580216,143,200142935300
2017-03-14,316688,277231271304194,26168668876.0,2.256343783155661,2.4135805587834085,158,223668668876
2017-03-15,294678,234697392516787,23899888682.0,2.186831049484522,2.4370906548843143,144,203899888682
2017-03-16,319828,337774379270687,25991750985.0,2.0986811661267932,2.4495572620283403,150,213491750985
2017-03-17,296576,319660644385835,24755720574.0,2.424080168321105,2.4836197129909365,156,219755720574
2017-03-18,264412,258935794680437,21676182628.0,2.6557947445652994,2.558280259594875,157,217926182628
2017-03-19,266483,612059988245893,21119275253.0,2.5455957790928503,2.564246124518262,160,221119275253
2017-03-20,272984,354130332569642,23948348935.0,2.2365559886293704,2.5350716525510655,139,197698348935
2017-03-21,293039,595196095273694,25064562607.0,2.224004313419033,2.5081985674261786,144,205064562607
2017-03-22,314137,552341741650542,26477005559.0,2.2703661141476488,2.460130452636907,156,221477005559
2017-03-23,284869,235684314411678,23392402337.0,2.249114505263823,2.539528695646069,146,205892402337
2017-03-24,296851,364337896357008,23652176782.0,2.4660553611070872,2.53256010591172,180,248652176782
2017-03-25,246781,366279827959037,18454054603.0,2.3089986668341567,2.6060191019567958,136,188454054603
2017-03-26,206098,169250891438633,14401401189.0,2.307950586614135,2.779357393084843,148,199401401189
2017-03-27,222511,230340828118951,18518287793.0,2.379531798427943,2.731361595606509,137,189768287793
2017-03-28,307357,241768082515421,24251132039.0,2.3904970441538667,2.5016706956405743,162,226751132039
2017-03-29,264451,179011882183384,20393368832.0,2.18721426653709,2.5697236917236084,130,182893368832
2017-03-30,306557,226634399288589,21615182215.0,2.525370485749795,2.467479131124065,171,235365182215
2017-03-31,252042,355194116121718,20576001824.0,2.2818220772728353,2.472921179803366,130,183076001824
2017-04-01,272813,277658718543470,20332829357.0,2.3002862766803633,2.5850087789071634,141,196582829357
2017-04-02,232234,405645397024815,17525017640.0,2.5285530973070265,2.759272974672098,153,208775017640
2017-04-03,280776,411861063136042,21740849714.0,2.4764545402740974,2.657837564464199,174,239240849714
2017-04-04,266761,270069061131931,20710171850.0,2.1927005821690577,2.527753307267554,130,183210171850
2017-04-05,304304,219427888196399,22698431470.0,2.24722974394027,2.4696126242178873,155,216448431470
2017-04-06,291454,208959468880880,22494842437.0,2.2908829523698424,2.626881085866037,148,207494842437
2017-04-07,297698,396953827671353,22255141925.0,2.3421252410160633,2.508740401346331,153,213505141925
2017-04-08,242879,1181120347996655,18464550377.0,2.6487839623845617,2.6737964171459865,152,208464550377
2017-04-09,228599,155361869030332,16130310827.0,2.855060608314122,2.721910419555641,151,204880310827
2017-04-10,258410,207367567007633,18845122048.0,2.3060949653651175,2.7895321388491157,145,200095122048
2017-04-11,314253,208508536239773,23031185736.0,2.3737975452899414,2.6081755782761022,171,236781185736
2017-04-12,279242,207826862337046,21395681903.0,2.2620952435521877,2.7229499860336195,143,200145681903
2017-04-13,238570,218422627989126,21172355263.0,2.4829735507398247,2.678019030054072,129,182422355263
2017-04-14,280515,221641749312747,23916181440.0,2.170703883927776,2.8999483093595706,136,193916181440
2017-04-15,273142,165670515765080,20461644832.0,2.4516332164222274,2.863397060869438,147,204211644832
2017-04-16,219749,190449242228077,16052759607.0,2.8902793641836824,3.0439410418249913,147,199802759607
2017-04-17,238755,241932507591667,17974750573.0,2.4402965382923916,2.921911583003497,143,196724750573
2017-04-18,289721,238523593554370,21200828220.0,2.1469482709227155,2.4162901550112004,139,194950828220
2017-04-19,319431,221975635840394,21531320755.0,2.074789234607787,2.4155733163030515,146,204031320755
2017-04-20,279826,228427549425872,23550118847.0,2.4621657744455483,2.3661489639990565,146,206050118847
2017-04-21,321408,239184778642838,23890843065.0,2.250021779171645,2.511763863998407,161,225140843065
2017-04-22,272578,177049623135811,18159320283.0,2.390658820594472,2.527155529793307,145,199409320283
2017-04-23,242097,154950310279452,16714033296.0,2.5677393771917867,2.5503992201472965,150,204214033296
2017-04-24,227582,190000168527766,18188164731.0,2.5348445834907856,2.5666528987354007,129,179438164731
2017-04-25,307642,319220317558702,26873144941.0,2.0378361862164462,2.4299445459332603,142,204373144941
2017-04-26,336084,254887738356131,25450208841.0,2.047788648076076,2.3415753204556005,153,216700208841
2017-04-27,289651,259801580236617,25021639116.0,2.235566250418607,2.504586554163459,142,202521639116
2017-04-28,300504,252743578206736,24820182543.0,1.9830384953278493,2.467634374251258,135,193570182543
2017-04-29,361429,214767003885129,26987229923.0,2.2719925628546687,2.4649765237432524,179,250737229923
2017-04-30,283317,177562243632910,19968446308.0,2.5083351863813323,2.3921261343300966,153,211218446308
2017-05-01,280269,242406239308990,21812961626.0,2.32201206697851,2.5472563858293285,146,204312961626
2017-05-02,344308,262726071570375,27734772254.0,2.124591935127851,2.4074433356181095,163,231484772254
2017-05-03,300620,253408889008615,24761248599.0,2.061875457388065,2.407361452997139,135,193511248599
2017-05-04,340878,287780001141938,29885695542.0,2.058777627186266,2.5699751817365746,159,228635695542
2017-05-05,276405,289116907899457,26515265744.0,2.1163039742406977,2.5097737016334727,135,195265265744
2017-05-06,375231,277722892155822,30984675148.0,2.0968363488091337,2.4286079774858687,174,248484675148
2017-05-07,300921,217143726603034,26351878397.0,2.4361908939555565,2.391285420425959,159,225101878397
2017-05-08,369126,388563404471955,32074472780.0,2.2233790087937453,2.4845581183660865,182,259574472780
2017-05-09,334079,317203096659017,30209132263.0,2.153412815531656,2.406547553123662,156,225209132263
2017-05-10,305962,392730584952057,30406293792.0,2.032314470424432,2.624874984475196,147,214156293792
2017-05-11,303540,305517694841146,27905188213.0,2.0013375502404953,2.4129076892666537,137,199155188213
2017-05-12,315970,308947997128458,32162589902.0,2.0904674494414026,2.510478842928126,153,223412589902
2017-05-13,334304,299467686453443,30759500877.0,2.140249593184646,2.4659142576816313,161,232009500877
2017-05-14,367935,260352680424369,29496949936.0,2.0568687404025168,2.3839672768287876,163,233246949936
2017-05-15,326587,308010494222394,32115855323.0,2.323782024391663,2.5531052981288296,168,242115855323
2017-05-16,246740,287050485456782,34499429414.0,2.576550214801005,2.574916916592364,138,206999429414
2017-05-17,313166,396518982989757,48885583504.0,2.271099033739295,2.446089294495571,155,242635583504
2017-05-18,285694,323966997853814,39103825280.0,2.2350906914390922,2.515026566886249,140,214103825280
2017-05-19,307372,294476973533129,42522792679.0,2.2969431177856148,2.5214788594927318,157,238772792679
2017-05-20,354157,287532911011287,39751996412.0,2.2264504160584146,2.33903890082647,167,248501996412
2017-05-21,326750,229384907611146,35620818659.0,2.1793052792654937,2.3599602142310636,149,221870818659
2017-05-22,323120,325240008066591,39427521058.0,1.992773582569943,2.3322542708591234,143,218177521058
2017-05-23,363478,400627649455290,46509681340.0,2.101942896131265,2.4128227843225725,165,252759681340
2017-05-24,353689,369666503406792,48408112685.0,2.0072068964542296,2.440638527067565,161,249658112685
2017-05-25,342418,356146718962390,48572541714.0,2.070288361009059,2.465734862069167,158,246072541714
2017-05-26,332886,282998962313074,47276965399.0,2.032437531166826,2.472630269822101,153,238526965399
2017-05-27,325390,272022557924217,51659619701.0,2.319969882295092,2.53641783705707,163,255409619701
2017-05-28,317667,270975033793616,44010217518.0,2.4991390355309178,2.5745198588458984,167,252760217518
2017-05-29,315857,258306468816385,48809516874.0,2.2266943585230026,2.5140205852648507,156,243809516874
2017-05-30,350631,370613542853572,58170285591.0,2.2060884519623194,2.4199942389577647,177,279420285591
2017-05-31,327943,339678870760156,57962618307.0,2.2733035923925806,2.5882790606904247,168,267962618307
2017-06-01,323217,340990726727500,57252171145.0,2.405374717295192,2.4927896738104742,169,268502171145
2017-06-02,288091,305619664893834,48242101910.0,2.3774467095466365,2.656375936769979,153,239492101910
2017-06-03,293548,313677333640673,52746241106.0,3.047924019240465,2.7279490918010003,187,286496241106
2017-06-04,254835,348449829265456,44715002472.0,2.8095238095238093,2.7331096591912414,155,238465002472
2017-06-05,280760,307400418751651,45320365556.0,2.6552037327254596,2.5339934463598803,162,247820365556
2017-06-06,307854,273257199473654,52349461750.0,2.3985460640433454,2.600502186101204,158,249849461750
2017-06-07,334116,253738801072986,65906347674.0,2.2890822349124256,2.4344539022375464,161,267156347674
2017-06-08,307104,243465756618025,50184736343.0,2.5040246952172556,2.502438913202042,165,256434736343
2017-06-09,284485,262595447810315,46282701209.0,2.446167636254987,2.5888359667469287,151,235032701209
2017-06-10,261365,245572714903760,39836022052.0,2.6176190385093645,2.5385342337344325,145,221086022052
2017-06-11,229078,233464722550802,36511124438.0,2.854695780476519,2.59869127546076,147,220261124438
2017-06-12,262852,281957171084872,39646136828.0,2.547737890523945,2.508628429686668,146,222146136828
2017-06-13,287644,334481021985793,47382433496.0,2.1725257610101374,2.6485690645381097,140,222382433496
2017-06-14,288736,322807953692201,45568019636.0,2.209149534522886,2.4224066275074807,140,220568019636
2017-06-15,293806,303877804440254,44140218393.0,2.4344363287339266,2.557435859036235,152,234140218393
2017-06-16,276468,352728276516580,37911415737.0,2.6065222738255422,2.4469848228366393,152,227911415737
2017-06-17,236232,241401846090956,32030247747.0,2.769133732940499,2.570557756781469,144,212030247747
2017-06-18,209441,222053865883034,27923817400.0,3.049670312880477,2.626286161735286,138,200423817400
2017-06-19,260198,298114649895160,36996704803.0,2.836055619182315,2.4958877470234206,154,229496704803
2017-06-20,276959,310316733252682,39304638682.0,2.3594214306088626,2.6767391563372196,143,218054638682
2017-06-21,268264,336225899394561,44203022994.0,2.2451652103897652,2.6192593862762057,131,207953022994
2017-06-22,275786,347903126558776,46416640342.0,2.422033750806785,2.625002719499902,142,223916640342
2017-06-23,273850,254056140829282,35874512649.0,2.782548840606171,2.4674931531860507,169,247124512649
2017-06-24,215972,220900575305126,29459336965.0,2.7165882614412977,2.671462041375734,132,194459336965
2017-06-25,187540,174825781787955,25777375442.0,3.128671216807081,2.576490348725605,132,190777375442
2017-06-26,248091,375166724867734,35993152232.0,2.5653288511070533,2.5241625048873195,136,205993152232
2017-06-27,269658,287741021062704,38384859820.0,2.3148617878942956,2.773602118238658,137,209634859820
2017-06-28,274705,283001624332568,38663204682.0,2.4711781729491635,2.497289819988715,150,226163204682
2017-06-29,229509,317802788372733,33153365173.0,2.4518384899938566,2.4865255828747457,124,188153365173
2017-06-30,273638,334136356477036,36690726272.0,2.498775754829373,2.5940001023249697,149,222940726272
